global_index,si_row_index,set_or_subset,property_class,dataset_eval_dataset,reaction,dataset_order,selection_index,weight_spec,objective_weight
1,1,BH28,BH,BH28,BH28_BHDIV_1,1,1,10,10
2,1,BH28,BH,BH28,BH28_BHDIV_2,2,2,10,10
3,1,BH28,BH,BH28,BH28_BHDIV_3,3,3,10,10
4,1,BH28,BH,BH28,BH28_BHPERI_4,4,4,10,10
5,1,BH28,BH,BH28,BH28_BHPERI_5,5,5,10,10
6,1,BH28,BH,BH28,BH28_BHPERI_6,6,6,10,10
7,1,BH28,BH,BH28,BH28_BHPERI_7,7,7,10,10
8,1,BH28,BH,BH28,BH28_BHPERI_8,8,8,10,10
9,1,BH28,BH,BH28,BH28_BHPERI_9,9,9,10,10
10,1,BH28,BH,BH28,BH28_CADBH_10,10,10,10,10
11,1,BH28,BH,BH28,BH28_CADBH_11,11,11,10,10
12,1,BH28,BH,BH28,BH28_CADBH_12,12,12,10,10
13,1,BH28,BH,BH28,BH28_CADBH_13,13,13,10,10
14,1,BH28,BH,BH28,BH28_CADBH_14,14,14,10,10
15,1,BH28,BH,BH28,BH28_CADBH_15,15,15,10,10
16,1,BH28,BH,BH28,BH28_CADBH_16,16,16,10,10
17,1,BH28,BH,BH28,BH28_CADBH_17,17,17,10,10
18,1,BH28,BH,BH28,BH28_CADBH_18,18,18,10,10
19,1,BH28,BH,BH28,BH28_CRBH_19,19,19,10,10
20,1,BH28,BH,BH28,BH28_CRBH_20,20,20,10,10
21,1,BH28,BH,BH28,BH28_CRBH_21,21,21,10,10
22,1,BH28,BH,BH28,BH28_CRBH_22,22,22,10,10
23,1,BH28,BH,BH28,BH28_CRBH_23,23,23,10,10
24,1,BH28,BH,BH28,BH28_CRBH_24,24,24,10,10
25,1,BH28,BH,BH28,BH28_PXBH_25,25,25,10,10
26,1,BH28,BH,BH28,BH28_PXBH_26,26,26,10,10
27,1,BH28,BH,BH28,BH28_PXBH_27,27,27,10,10
28,1,BH28,BH,BH28,BH28_PXBH_28,28,28,10,10
29,2,BHDIV7,BH,BHDIV7,BHDIV10_1,1,1,16,16
30,2,BHDIV7,BH,BHDIV7,BHDIV10_3,2,2,16,16
31,2,BHDIV7,BH,BHDIV7,BHDIV10_4,3,3,16,16
32,2,BHDIV7,BH,BHDIV7,BHDIV10_5,4,4,16,16
33,2,BHDIV7,BH,BHDIV7,BHDIV10_6,5,5,16,16
34,2,BHDIV7,BH,BHDIV7,BHDIV10_7,6,6,16,16
35,2,BHDIV7,BH,BHDIV7,BHDIV10_10,7,7,16,16
36,3,BHPERI11,BH,BHPERI11,BHPERI_3,1,1,30,30
37,3,BHPERI11,BH,BHPERI11,BHPERI_8,2,2,30,30
38,3,BHPERI11,BH,BHPERI11,BHPERI_9,3,3,30,30
39,3,BHPERI11,BH,BHPERI11,BHPERI_10,4,4,30,30
40,3,BHPERI11,BH,BHPERI11,BHPERI_20,5,5,30,30
41,3,BHPERI11,BH,BHPERI11,BHPERI_21,6,6,30,30
42,3,BHPERI11,BH,BHPERI11,BHPERI_22,7,7,30,30
43,3,BHPERI11,BH,BHPERI11,BHPERI_23,8,8,30,30
44,3,BHPERI11,BH,BHPERI11,BHPERI_24,9,9,30,30
45,3,BHPERI11,BH,BHPERI11,BHPERI_25,10,10,30,30
46,3,BHPERI11,BH,BHPERI11,BHPERI_26,11,11,30,30
47,4,CRBH14,BH,CRBH14,CRBH20_3,1,1,10,10
48,4,CRBH14,BH,CRBH14,CRBH20_4,2,2,10,10
49,4,CRBH14,BH,CRBH14,CRBH20_5,3,3,10,10
50,4,CRBH14,BH,CRBH14,CRBH20_6,4,4,10,10
51,4,CRBH14,BH,CRBH14,CRBH20_7,5,5,10,10
52,4,CRBH14,BH,CRBH14,CRBH20_8,6,6,10,10
53,4,CRBH14,BH,CRBH14,CRBH20_9,7,7,10,10
54,4,CRBH14,BH,CRBH14,CRBH20_13,8,8,10,10
55,4,CRBH14,BH,CRBH14,CRBH20_14,9,9,10,10
56,4,CRBH14,BH,CRBH14,CRBH20_15,10,10,10,10
57,4,CRBH14,BH,CRBH14,CRBH20_16,11,11,10,10
58,4,CRBH14,BH,CRBH14,CRBH20_17,12,12,10,10
59,4,CRBH14,BH,CRBH14,CRBH20_18,13,13,10,10
60,4,CRBH14,BH,CRBH14,CRBH20_19,14,14,10,10
61,5,DBH22,BH,DBH22,DBH24_1,1,1,30,30
62,5,DBH22,BH,DBH22,DBH24_2,2,2,30,30
63,5,DBH22,BH,DBH22,DBH24_3,3,3,30,30
64,5,DBH22,BH,DBH22,DBH24_4,4,4,30,30
65,5,DBH22,BH,DBH22,DBH24_5,5,5,30,30
66,5,DBH22,BH,DBH22,DBH24_6,6,6,30,30
67,5,DBH22,BH,DBH22,DBH24_7,7,7,30,30
68,5,DBH22,BH,DBH22,DBH24_8,8,8,30,30
69,5,DBH22,BH,DBH22,DBH24_9,9,9,30,30
70,5,DBH22,BH,DBH22,DBH24_10,10,10,30,30
71,5,DBH22,BH,DBH22,DBH24_11,11,11,30,30
72,5,DBH22,BH,DBH22,DBH24_12,12,12,30,30
73,5,DBH22,BH,DBH22,DBH24_13,13,13,30,30
74,5,DBH22,BH,DBH22,DBH24_15,14,14,30,30
75,5,DBH22,BH,DBH22,DBH24_17,15,15,30,30
76,5,DBH22,BH,DBH22,DBH24_18,16,16,30,30
77,5,DBH22,BH,DBH22,DBH24_19,17,17,30,30
78,5,DBH22,BH,DBH22,DBH24_20,18,18,30,30
79,5,DBH22,BH,DBH22,DBH24_21,19,19,30,30
80,5,DBH22,BH,DBH22,DBH24_22,20,20,30,30
81,5,DBH22,BH,DBH22,DBH24_23,21,21,30,30
82,5,DBH22,BH,DBH22,DBH24_24,22,22,30,30
83,6,PX9,BH,PX9,PX13_1,1,1,20,20
84,6,PX9,BH,PX9,PX13_2,2,2,20,20
85,6,PX9,BH,PX9,PX13_4,3,3,20,20
86,6,PX9,BH,PX9,PX13_5,4,4,20,20
87,6,PX9,BH,PX9,PX13_7,5,5,20,20
88,6,PX9,BH,PX9,PX13_8,6,6,20,20
89,6,PX9,BH,PX9,PX13_9,7,7,20,20
90,6,PX9,BH,PX9,PX13_10,8,8,20,20
91,6,PX9,BH,PX9,PX13_13,9,9,20,20
92,7,Dip146,EF,Dip146,Dip146_1,1,1,1600,1600
93,7,Dip146,EF,Dip146,Dip146_4,4,2,1600,1600
94,7,Dip146,EF,Dip146,Dip146_7,7,3,1600,1600
95,7,Dip146,EF,Dip146,Dip146_10,10,4,1600,1600
96,7,Dip146,EF,Dip146,Dip146_13,13,5,1600,1600
97,7,Dip146,EF,Dip146,Dip146_16,16,6,1600,1600
98,7,Dip146,EF,Dip146,Dip146_19,19,7,1600,1600
99,7,Dip146,EF,Dip146,Dip146_22,22,8,1600,1600
100,7,Dip146,EF,Dip146,Dip146_25,25,9,1600,1600
101,7,Dip146,EF,Dip146,Dip146_28,28,10,1600,1600
102,7,Dip146,EF,Dip146,Dip146_32,32,11,1600,1600
103,7,Dip146,EF,Dip146,Dip146_35,35,12,1600,1600
104,7,Dip146,EF,Dip146,Dip146_38,38,13,1600,1600
105,7,Dip146,EF,Dip146,Dip146_41,41,14,1600,1600
106,7,Dip146,EF,Dip146,Dip146_44,44,15,1600,1600
107,7,Dip146,EF,Dip146,Dip146_47,47,16,1600,1600
108,7,Dip146,EF,Dip146,Dip146_50,50,17,1600,1600
109,7,Dip146,EF,Dip146,Dip146_53,53,18,1600,1600
110,7,Dip146,EF,Dip146,Dip146_56,56,19,1600,1600
111,7,Dip146,EF,Dip146,Dip146_59,59,20,1600,1600
112,7,Dip146,EF,Dip146,Dip146_62,62,21,1600,1600
113,7,Dip146,EF,Dip146,Dip146_65,65,22,1600,1600
114,7,Dip146,EF,Dip146,Dip146_68,68,23,1600,1600
115,7,Dip146,EF,Dip146,Dip146_71,71,24,1600,1600
116,7,Dip146,EF,Dip146,Dip146_74,74,25,1600,1600
117,7,Dip146,EF,Dip146,Dip146_77,77,26,1600,1600
118,7,Dip146,EF,Dip146,Dip146_80,80,27,1600,1600
119,7,Dip146,EF,Dip146,Dip146_83,83,28,1600,1600
120,7,Dip146,EF,Dip146,Dip146_86,86,29,1600,1600
121,7,Dip146,EF,Dip146,Dip146_89,89,30,1600,1600
122,7,Dip146,EF,Dip146,Dip146_92,92,31,1600,1600
123,7,Dip146,EF,Dip146,Dip146_95,95,32,1600,1600
124,7,Dip146,EF,Dip146,Dip146_98,98,33,1600,1600
125,7,Dip146,EF,Dip146,Dip146_101,101,34,1600,1600
126,7,Dip146,EF,Dip146,Dip146_104,104,35,1600,1600
127,7,Dip146,EF,Dip146,Dip146_107,107,36,1600,1600
128,7,Dip146,EF,Dip146,Dip146_110,110,37,1600,1600
129,7,Dip146,EF,Dip146,Dip146_113,113,38,1600,1600
130,7,Dip146,EF,Dip146,Dip146_116,116,39,1600,1600
131,7,Dip146,EF,Dip146,Dip146_119,119,40,1600,1600
132,7,Dip146,EF,Dip146,Dip146_122,122,41,1600,1600
133,7,Dip146,EF,Dip146,Dip146_125,125,42,1600,1600
134,7,Dip146,EF,Dip146,Dip146_128,128,43,1600,1600
135,7,Dip146,EF,Dip146,Dip146_131,131,44,1600,1600
136,7,Dip146,EF,Dip146,Dip146_134,134,45,1600,1600
137,7,Dip146,EF,Dip146,Dip146_137,137,46,1600,1600
138,7,Dip146,EF,Dip146,Dip146_140,140,47,1600,1600
139,7,Dip146,EF,Dip146,Dip146_143,143,48,1600,1600
140,7,Dip146,EF,Dip146,Dip146_146,146,49,1600,1600
141,7,Dip146,EF,Dip146,Dip146_149,149,50,1600,1600
142,7,Dip146,EF,Dip146,Dip146_152,152,51,1600,1600
143,7,Dip146,EF,Dip146,Dip146_155,155,52,1600,1600
144,7,Dip146,EF,Dip146,Dip146_158,158,53,1600,1600
145,7,Dip146,EF,Dip146,Dip146_161,161,54,1600,1600
146,7,Dip146,EF,Dip146,Dip146_164,164,55,1600,1600
147,7,Dip146,EF,Dip146,Dip146_167,167,56,1600,1600
148,7,Dip146,EF,Dip146,Dip146_170,170,57,1600,1600
149,7,Dip146,EF,Dip146,Dip146_173,173,58,1600,1600
150,7,Dip146,EF,Dip146,Dip146_176,176,59,1600,1600
151,7,Dip146,EF,Dip146,Dip146_179,179,60,1600,1600
152,7,Dip146,EF,Dip146,Dip146_182,182,61,1600,1600
153,7,Dip146,EF,Dip146,Dip146_185,185,62,1600,1600
154,7,Dip146,EF,Dip146,Dip146_188,188,63,1600,1600
155,8,HR46,EF,HR46,HR46_1,1,1,10000,10000
156,8,HR46,EF,HR46,HR46_4,4,2,10000,10000
157,8,HR46,EF,HR46,HR46_5,5,3,10000,10000
158,8,HR46,EF,HR46,HR46_8,8,4,10000,10000
159,8,HR46,EF,HR46,HR46_10,10,5,10000,10000
160,8,HR46,EF,HR46,HR46_12,12,6,10000,10000
161,8,HR46,EF,HR46,HR46_13,13,7,10000,10000
162,8,HR46,EF,HR46,HR46_17,17,8,10000,10000
163,8,HR46,EF,HR46,HR46_20,20,9,10000,10000
164,8,HR46,EF,HR46,HR46_23,23,10,10000,10000
165,8,HR46,EF,HR46,HR46_28,28,11,10000,10000
166,8,HR46,EF,HR46,HR46_30,30,12,10000,10000
167,8,HR46,EF,HR46,HR46_34,34,13,10000,10000
168,8,HR46,EF,HR46,HR46_37,37,14,10000,10000
169,8,HR46,EF,HR46,HR46_38,38,15,10000,10000
170,8,HR46,EF,HR46,HR46_42,42,16,10000,10000
171,8,HR46,EF,HR46,HR46_45,45,17,10000,10000
172,8,HR46,EF,HR46,HR46_48,48,18,10000,10000
173,8,HR46,EF,HR46,HR46_51,51,19,10000,10000
174,8,HR46,EF,HR46,HR46_53,53,20,10000,10000
175,8,HR46,EF,HR46,HR46_57,57,21,10000,10000
176,8,HR46,EF,HR46,HR46_59,59,22,10000,10000
177,8,HR46,EF,HR46,HR46_62,62,23,10000,10000
178,8,HR46,EF,HR46,HR46_66,66,24,10000,10000
179,8,HR46,EF,HR46,HR46_70,70,25,10000,10000
180,8,HR46,EF,HR46,HR46_71,71,26,10000,10000
181,8,HR46,EF,HR46,HR46_75,75,27,10000,10000
182,8,HR46,EF,HR46,HR46_76,76,28,10000,10000
183,8,HR46,EF,HR46,HR46_80,80,29,10000,10000
184,8,HR46,EF,HR46,HR46_82,82,30,10000,10000
185,8,HR46,EF,HR46,HR46_86,86,31,10000,10000
186,8,HR46,EF,HR46,HR46_87,87,32,10000,10000
187,8,HR46,EF,HR46,HR46_91,91,33,10000,10000
188,8,HR46,EF,HR46,HR46_94,94,34,10000,10000
189,8,HR46,EF,HR46,HR46_97,97,35,10000,10000
190,8,HR46,EF,HR46,HR46_99,99,36,10000,10000
191,8,HR46,EF,HR46,HR46_104,104,37,10000,10000
192,8,HR46,EF,HR46,HR46_105,105,38,10000,10000
193,8,HR46,EF,HR46,HR46_110,110,39,10000,10000
194,8,HR46,EF,HR46,HR46_113,113,40,10000,10000
195,8,HR46,EF,HR46,HR46_114,114,41,10000,10000
196,8,HR46,EF,HR46,HR46_119,119,42,10000,10000
197,8,HR46,EF,HR46,HR46_120,120,43,10000,10000
198,8,HR46,EF,HR46,HR46_123,123,44,10000,10000
199,8,HR46,EF,HR46,HR46_126,126,45,10000,10000
200,9,Pol130,EF,Pol130,Pol130_1,1,1,6400,6400
201,9,Pol130,EF,Pol130,Pol130_4,4,2,6400,6400
202,9,Pol130,EF,Pol130,Pol130_11,11,3,6400,6400
203,9,Pol130,EF,Pol130,Pol130_12,12,4,6400,6400
204,9,Pol130,EF,Pol130,Pol130_16,16,5,6400,6400
205,9,Pol130,EF,Pol130,Pol130_20,20,6,6400,6400
206,9,Pol130,EF,Pol130,Pol130_22,22,7,6400,6400
207,9,Pol130,EF,Pol130,Pol130_24,24,8,6400,6400
208,9,Pol130,EF,Pol130,Pol130_26,26,9,6400,6400
209,9,Pol130,EF,Pol130,Pol130_28,28,10,6400,6400
210,9,Pol130,EF,Pol130,Pol130_33,33,11,6400,6400
211,9,Pol130,EF,Pol130,Pol130_36,36,12,6400,6400
212,9,Pol130,EF,Pol130,Pol130_39,39,13,6400,6400
213,9,Pol130,EF,Pol130,Pol130_42,42,14,6400,6400
214,9,Pol130,EF,Pol130,Pol130_44,44,15,6400,6400
215,9,Pol130,EF,Pol130,Pol130_48,48,16,6400,6400
216,9,Pol130,EF,Pol130,Pol130_51,51,17,6400,6400
217,9,Pol130,EF,Pol130,Pol130_54,54,18,6400,6400
218,9,Pol130,EF,Pol130,Pol130_56,56,19,6400,6400
219,9,Pol130,EF,Pol130,Pol130_59,59,20,6400,6400
220,9,Pol130,EF,Pol130,Pol130_62,62,21,6400,6400
221,9,Pol130,EF,Pol130,Pol130_66,66,22,6400,6400
222,9,Pol130,EF,Pol130,Pol130_68,68,23,6400,6400
223,9,Pol130,EF,Pol130,Pol130_70,70,24,6400,6400
224,9,Pol130,EF,Pol130,Pol130_74,74,25,6400,6400
225,9,Pol130,EF,Pol130,Pol130_81,81,26,6400,6400
226,9,Pol130,EF,Pol130,Pol130_85,85,27,6400,6400
227,9,Pol130,EF,Pol130,Pol130_91,91,28,6400,6400
228,9,Pol130,EF,Pol130,Pol130_95,95,29,6400,6400
229,9,Pol130,EF,Pol130,Pol130_98,98,30,6400,6400
230,9,Pol130,EF,Pol130,Pol130_101,101,31,6400,6400
231,9,Pol130,EF,Pol130,Pol130_102,102,32,6400,6400
232,9,Pol130,EF,Pol130,Pol130_105,105,33,6400,6400
233,9,Pol130,EF,Pol130,Pol130_107,107,34,6400,6400
234,9,Pol130,EF,Pol130,Pol130_111,111,35,6400,6400
235,9,Pol130,EF,Pol130,Pol130_115,115,36,6400,6400
236,9,Pol130,EF,Pol130,Pol130_116,116,37,6400,6400
237,9,Pol130,EF,Pol130,Pol130_121,121,38,6400,6400
238,9,Pol130,EF,Pol130,Pol130_123,123,39,6400,6400
239,9,Pol130,EF,Pol130,Pol130_126,126,40,6400,6400
240,9,Pol130,EF,Pol130,Pol130_128,128,41,6400,6400
241,9,Pol130,EF,Pol130,Pol130_130,130,42,6400,6400
242,9,Pol130,EF,Pol130,Pol130_132,132,43,6400,6400
243,9,Pol130,EF,Pol130,Pol130_137,137,44,6400,6400
244,9,Pol130,EF,Pol130,Pol130_142,142,45,6400,6400
245,9,Pol130,EF,Pol130,Pol130_144,144,46,6400,6400
246,9,Pol130,EF,Pol130,Pol130_145,145,47,6400,6400
247,9,Pol130,EF,Pol130,Pol130_147,147,48,6400,6400
248,9,Pol130,EF,Pol130,Pol130_149,149,49,6400,6400
249,9,Pol130,EF,Pol130,Pol130_153,153,50,6400,6400
250,9,Pol130,EF,Pol130,Pol130_157,157,51,6400,6400
251,9,Pol130,EF,Pol130,Pol130_158,158,52,6400,6400
252,9,Pol130,EF,Pol130,Pol130_161,161,53,6400,6400
253,9,Pol130,EF,Pol130,Pol130_165,165,54,6400,6400
254,9,Pol130,EF,Pol130,Pol130_167,167,55,6400,6400
255,9,Pol130,EF,Pol130,Pol130_170,170,56,6400,6400
256,9,Pol130,EF,Pol130,Pol130_171,171,57,6400,6400
257,9,Pol130,EF,Pol130,Pol130_173,173,58,6400,6400
258,9,Pol130,EF,Pol130,Pol130_176,176,59,6400,6400
259,9,Pol130,EF,Pol130,Pol130_180,180,60,6400,6400
260,9,Pol130,EF,Pol130,Pol130_182,182,61,6400,6400
261,9,Pol130,EF,Pol130,Pol130_185,185,62,6400,6400
262,9,Pol130,EF,Pol130,Pol130_188,188,63,6400,6400
263,9,Pol130,EF,Pol130,Pol130_192,192,64,6400,6400
264,9,Pol130,EF,Pol130,Pol130_197,197,65,6400,6400
265,9,Pol130,EF,Pol130,Pol130_200,200,66,6400,6400
266,9,Pol130,EF,Pol130,Pol130_203,203,67,6400,6400
267,9,Pol130,EF,Pol130,Pol130_204,204,68,6400,6400
268,9,Pol130,EF,Pol130,Pol130_209,209,69,6400,6400
269,9,Pol130,EF,Pol130,Pol130_211,211,70,6400,6400
270,9,Pol130,EF,Pol130,Pol130_214,214,71,6400,6400
271,9,Pol130,EF,Pol130,Pol130_217,217,72,6400,6400
272,9,Pol130,EF,Pol130,Pol130_223,223,73,6400,6400
273,9,Pol130,EF,Pol130,Pol130_227,227,74,6400,6400
274,9,Pol130,EF,Pol130,Pol130_229,229,75,6400,6400
275,9,Pol130,EF,Pol130,Pol130_231,231,76,6400,6400
276,9,Pol130,EF,Pol130,Pol130_234,234,77,6400,6400
277,9,Pol130,EF,Pol130,Pol130_237,237,78,6400,6400
278,9,Pol130,EF,Pol130,Pol130_242,242,79,6400,6400
279,9,Pol130,EF,Pol130,Pol130_245,245,80,6400,6400
280,9,Pol130,EF,Pol130,Pol130_248,248,81,6400,6400
281,9,Pol130,EF,Pol130,Pol130_250,250,82,6400,6400
282,9,Pol130,EF,Pol130,Pol130_254,254,83,6400,6400
283,9,Pol130,EF,Pol130,Pol130_257,257,84,6400,6400
284,9,Pol130,EF,Pol130,Pol130_261,261,85,6400,6400
285,9,Pol130,EF,Pol130,Pol130_262,262,86,6400,6400
286,9,Pol130,EF,Pol130,Pol130_267,267,87,6400,6400
287,9,Pol130,EF,Pol130,Pol130_273,273,88,6400,6400
288,9,Pol130,EF,Pol130,Pol130_276,276,89,6400,6400
289,9,Pol130,EF,Pol130,Pol130_279,279,90,6400,6400
290,9,Pol130,EF,Pol130,Pol130_282,282,91,6400,6400
291,9,Pol130,EF,Pol130,Pol130_284,284,92,6400,6400
292,9,Pol130,EF,Pol130,Pol130_290,290,93,6400,6400
293,9,Pol130,EF,Pol130,Pol130_294,294,94,6400,6400
294,9,Pol130,EF,Pol130,Pol130_296,296,95,6400,6400
295,10,EIE22,ISO,EIE22,EIE22_1,1,1,20,20
296,10,EIE22,ISO,EIE22,EIE22_2,2,2,20,20
297,10,EIE22,ISO,EIE22,EIE22_3,3,3,20,20
298,10,EIE22,ISO,EIE22,EIE22_4,4,4,20,20
299,10,EIE22,ISO,EIE22,EIE22_5,5,5,20,20
300,10,EIE22,ISO,EIE22,EIE22_6,6,6,20,20
301,10,EIE22,ISO,EIE22,EIE22_7,7,7,20,20
302,10,EIE22,ISO,EIE22,EIE22_8,8,8,20,20
303,10,EIE22,ISO,EIE22,EIE22_9,9,9,20,20
304,10,EIE22,ISO,EIE22,EIE22_10,10,10,20,20
305,10,EIE22,ISO,EIE22,EIE22_11,11,11,20,20
306,10,EIE22,ISO,EIE22,EIE22_12,12,12,20,20
307,10,EIE22,ISO,EIE22,EIE22_13,13,13,20,20
308,10,EIE22,ISO,EIE22,EIE22_14,14,14,20,20
309,10,EIE22,ISO,EIE22,EIE22_15,15,15,20,20
310,10,EIE22,ISO,EIE22,EIE22_16,16,16,20,20
311,10,EIE22,ISO,EIE22,EIE22_17,17,17,20,20
312,10,EIE22,ISO,EIE22,EIE22_18,18,18,20,20
313,10,EIE22,ISO,EIE22,EIE22_19,19,19,20,20
314,10,EIE22,ISO,EIE22,EIE22_20,20,20,20,20
315,10,EIE22,ISO,EIE22,EIE22_21,21,21,20,20
316,10,EIE22,ISO,EIE22,EIE22_22,22,22,20,20
317,11,PCONF21,INC,PCONF21,PCONF21_1,1,1,50,50
318,11,PCONF21,INC,PCONF21,PCONF21_2,2,2,50,50
319,11,PCONF21,INC,PCONF21,PCONF21_3,3,3,50,50
320,11,PCONF21,INC,PCONF21,PCONF21_4,4,4,50,50
321,11,PCONF21,INC,PCONF21,PCONF21_5,5,5,50,50
322,11,PCONF21,INC,PCONF21,PCONF21_6,6,6,50,50
323,11,PCONF21,INC,PCONF21,PCONF21_7,7,7,50,50
324,11,PCONF21,INC,PCONF21,PCONF21_8,8,8,50,50
325,11,PCONF21,INC,PCONF21,PCONF21_9,9,9,50,50
326,11,PCONF21,INC,PCONF21,PCONF21_10,10,10,50,50
327,11,PCONF21,INC,PCONF21,PCONF21_11,11,11,50,50
328,11,PCONF21,INC,PCONF21,PCONF21_12,12,12,50,50
329,11,PCONF21,INC,PCONF21,PCONF21_13,13,13,50,50
330,11,PCONF21,INC,PCONF21,PCONF21_14,14,14,50,50
331,11,PCONF21,INC,PCONF21,PCONF21_15,15,15,50,50
332,11,PCONF21,INC,PCONF21,PCONF21_16,16,16,50,50
333,11,PCONF21,INC,PCONF21,PCONF21_17,17,17,50,50
334,11,PCONF21,INC,PCONF21,PCONF21_18,18,18,50,50
335,12,Styrene42,ISO,Styrene42,Styrene45_2,1,1,5,5
336,12,Styrene42,ISO,Styrene42,Styrene45_3,2,2,5,5
337,12,Styrene42,ISO,Styrene42,Styrene45_4,3,3,5,5
338,12,Styrene42,ISO,Styrene42,Styrene45_5,4,4,5,5
339,12,Styrene42,ISO,Styrene42,Styrene45_6,5,5,5,5
340,12,Styrene42,ISO,Styrene42,Styrene45_7,6,6,5,5
341,12,Styrene42,ISO,Styrene42,Styrene45_8,7,7,5,5
342,12,Styrene42,ISO,Styrene42,Styrene45_9,8,8,5,5
343,12,Styrene42,ISO,Styrene42,Styrene45_10,9,9,5,5
344,12,Styrene42,ISO,Styrene42,Styrene45_11,10,10,5,5
345,12,Styrene42,ISO,Styrene42,Styrene45_12,11,11,5,5
346,12,Styrene42,ISO,Styrene42,Styrene45_13,12,12,5,5
347,12,Styrene42,ISO,Styrene42,Styrene45_14,13,13,5,5
348,12,Styrene42,ISO,Styrene42,Styrene45_15,14,14,5,5
349,12,Styrene42,ISO,Styrene42,Styrene45_16,15,15,5,5
350,12,Styrene42,ISO,Styrene42,Styrene45_17,16,16,5,5
351,12,Styrene42,ISO,Styrene42,Styrene45_18,17,17,5,5
352,12,Styrene42,ISO,Styrene42,Styrene45_19,18,18,5,5
353,12,Styrene42,ISO,Styrene42,Styrene45_20,19,19,5,5
354,12,Styrene42,ISO,Styrene42,Styrene45_21,20,20,5,5
355,12,Styrene42,ISO,Styrene42,Styrene45_22,21,21,5,5
356,12,Styrene42,ISO,Styrene42,Styrene45_23,22,22,5,5
357,12,Styrene42,ISO,Styrene42,Styrene45_24,23,23,5,5
358,12,Styrene42,ISO,Styrene42,Styrene45_25,24,24,5,5
359,12,Styrene42,ISO,Styrene42,Styrene45_26,25,25,5,5
360,12,Styrene42,ISO,Styrene42,Styrene45_27,26,26,5,5
361,12,Styrene42,ISO,Styrene42,Styrene45_28,27,27,5,5
362,12,Styrene42,ISO,Styrene42,Styrene45_29,28,28,5,5
363,12,Styrene42,ISO,Styrene42,Styrene45_30,29,29,5,5
364,12,Styrene42,ISO,Styrene42,Styrene45_31,30,30,5,5
365,12,Styrene42,ISO,Styrene42,Styrene45_32,31,31,5,5
366,12,Styrene42,ISO,Styrene42,Styrene45_33,32,32,5,5
367,12,Styrene42,ISO,Styrene42,Styrene45_34,33,33,5,5
368,12,Styrene42,ISO,Styrene42,Styrene45_35,34,34,5,5
369,12,Styrene42,ISO,Styrene42,Styrene45_36,35,35,5,5
370,12,Styrene42,ISO,Styrene42,Styrene45_37,36,36,5,5
371,12,Styrene42,ISO,Styrene42,Styrene45_39,37,37,5,5
372,12,Styrene42,ISO,Styrene42,Styrene45_40,38,38,5,5
373,12,Styrene42,ISO,Styrene42,Styrene45_42,39,39,5,5
374,12,Styrene42,ISO,Styrene42,Styrene45_43,40,40,5,5
375,12,Styrene42,ISO,Styrene42,Styrene45_44,41,41,5,5
376,12,Styrene42,ISO,Styrene42,Styrene45_45,42,42,5,5
377,13,AlkIsomer11,ISO,AlkIsomer11,AlkIsomer11_1,1,1,50,50
378,13,AlkIsomer11,ISO,AlkIsomer11,AlkIsomer11_2,2,2,50,50
379,13,AlkIsomer11,ISO,AlkIsomer11,AlkIsomer11_3,3,3,50,50
380,13,AlkIsomer11,ISO,AlkIsomer11,AlkIsomer11_4,4,4,50,50
381,13,AlkIsomer11,ISO,AlkIsomer11,AlkIsomer11_5,5,5,50,50
382,13,AlkIsomer11,ISO,AlkIsomer11,AlkIsomer11_6,6,6,50,50
383,13,AlkIsomer11,ISO,AlkIsomer11,AlkIsomer11_7,7,7,50,50
384,13,AlkIsomer11,ISO,AlkIsomer11,AlkIsomer11_8,8,8,50,50
385,13,AlkIsomer11,ISO,AlkIsomer11,AlkIsomer11_9,9,9,50,50
386,13,AlkIsomer11,ISO,AlkIsomer11,AlkIsomer11_10,10,10,50,50
387,13,AlkIsomer11,ISO,AlkIsomer11,AlkIsomer11_11,11,11,50,50
388,14,BUT14DIOL,INC,BUT14DIOL,BUT14DIOL_3,3,1,200,200
389,14,BUT14DIOL,INC,BUT14DIOL,BUT14DIOL_4,4,2,200,200
390,14,BUT14DIOL,INC,BUT14DIOL,BUT14DIOL_9,9,3,200,200
391,14,BUT14DIOL,INC,BUT14DIOL,BUT14DIOL_14,14,4,200,200
392,14,BUT14DIOL,INC,BUT14DIOL,BUT14DIOL_17,17,5,200,200
393,14,BUT14DIOL,INC,BUT14DIOL,BUT14DIOL_25,25,6,200,200
394,14,BUT14DIOL,INC,BUT14DIOL,BUT14DIOL_37,37,7,200,200
395,14,BUT14DIOL,INC,BUT14DIOL,BUT14DIOL_38,38,8,200,200
396,14,BUT14DIOL,INC,BUT14DIOL,BUT14DIOL_40,40,9,200,200
397,14,BUT14DIOL,INC,BUT14DIOL,BUT14DIOL_43,43,10,200,200
398,14,BUT14DIOL,INC,BUT14DIOL,BUT14DIOL_46,46,11,200,200
399,14,BUT14DIOL,INC,BUT14DIOL,BUT14DIOL_47,47,12,200,200
400,14,BUT14DIOL,INC,BUT14DIOL,BUT14DIOL_58,58,13,200,200
401,14,BUT14DIOL,INC,BUT14DIOL,BUT14DIOL_60,60,14,200,200
402,15,S66Rel7,NC,S66Rel7,S66Rel7_1,1,1,60,60
403,15,S66Rel7,NC,S66Rel7,S66Rel7_8,8,2,60,60
404,15,S66Rel7,NC,S66Rel7,S66Rel7_15,15,3,60,60
405,15,S66Rel7,NC,S66Rel7,S66Rel7_22,22,4,60,60
406,15,S66Rel7,NC,S66Rel7,S66Rel7_29,29,5,60,60
407,15,S66Rel7,NC,S66Rel7,S66Rel7_36,36,6,60,60
408,15,S66Rel7,NC,S66Rel7,S66Rel7_43,43,7,60,60
409,15,S66Rel7,NC,S66Rel7,S66Rel7_50,50,8,60,60
410,15,S66Rel7,NC,S66Rel7,S66Rel7_57,57,9,60,60
411,15,S66Rel7,NC,S66Rel7,S66Rel7_64,64,10,60,60
412,15,S66Rel7,NC,S66Rel7,S66Rel7_71,71,11,60,60
413,15,S66Rel7,NC,S66Rel7,S66Rel7_78,78,12,60,60
414,15,S66Rel7,NC,S66Rel7,S66Rel7_85,85,13,60,60
415,15,S66Rel7,NC,S66Rel7,S66Rel7_92,92,14,60,60
416,15,S66Rel7,NC,S66Rel7,S66Rel7_97,97,15,60,60
417,15,S66Rel7,NC,S66Rel7,S66Rel7_99,99,16,60,60
418,15,S66Rel7,NC,S66Rel7,S66Rel7_113,113,17,60,60
419,15,S66Rel7,NC,S66Rel7,S66Rel7_118,118,18,60,60
420,15,S66Rel7,NC,S66Rel7,S66Rel7_120,120,19,60,60
421,15,S66Rel7,NC,S66Rel7,S66Rel7_127,127,20,60,60
422,15,S66Rel7,NC,S66Rel7,S66Rel7_134,134,21,60,60
423,15,S66Rel7,NC,S66Rel7,S66Rel7_139,139,22,60,60
424,15,S66Rel7,NC,S66Rel7,S66Rel7_141,141,23,60,60
425,15,S66Rel7,NC,S66Rel7,S66Rel7_146,146,24,60,60
426,15,S66Rel7,NC,S66Rel7,S66Rel7_148,148,25,60,60
427,15,S66Rel7,NC,S66Rel7,S66Rel7_153,153,26,60,60
428,15,S66Rel7,NC,S66Rel7,S66Rel7_155,155,27,60,60
429,15,S66Rel7,NC,S66Rel7,S66Rel7_160,160,28,60,60
430,15,S66Rel7,NC,S66Rel7,S66Rel7_162,162,29,60,60
431,15,S66Rel7,NC,S66Rel7,S66Rel7_167,167,30,60,60
432,15,S66Rel7,NC,S66Rel7,S66Rel7_169,169,31,60,60
433,15,S66Rel7,NC,S66Rel7,S66Rel7_176,176,32,60,60
434,15,S66Rel7,NC,S66Rel7,S66Rel7_183,183,33,60,60
435,15,S66Rel7,NC,S66Rel7,S66Rel7_188,188,34,60,60
436,15,S66Rel7,NC,S66Rel7,S66Rel7_190,190,35,60,60
437,15,S66Rel7,NC,S66Rel7,S66Rel7_197,197,36,60,60
438,15,S66Rel7,NC,S66Rel7,S66Rel7_204,204,37,60,60
439,15,S66Rel7,NC,S66Rel7,S66Rel7_209,209,38,60,60
440,15,S66Rel7,NC,S66Rel7,S66Rel7_211,211,39,60,60
441,15,S66Rel7,NC,S66Rel7,S66Rel7_218,218,40,60,60
442,15,S66Rel7,NC,S66Rel7,S66Rel7_223,223,41,60,60
443,15,S66Rel7,NC,S66Rel7,S66Rel7_225,225,42,60,60
444,15,S66Rel7,NC,S66Rel7,S66Rel7_230,230,43,60,60
445,15,S66Rel7,NC,S66Rel7,S66Rel7_232,232,44,60,60
446,15,S66Rel7,NC,S66Rel7,S66Rel7_239,239,45,60,60
447,15,S66Rel7,NC,S66Rel7,S66Rel7_246,246,46,60,60
448,15,S66Rel7,NC,S66Rel7,S66Rel7_253,253,47,60,60
449,15,S66Rel7,NC,S66Rel7,S66Rel7_267,267,48,60,60
450,15,S66Rel7,NC,S66Rel7,S66Rel7_274,274,49,60,60
451,15,S66Rel7,NC,S66Rel7,S66Rel7_279,279,50,60,60
452,15,S66Rel7,NC,S66Rel7,S66Rel7_281,281,51,60,60
453,15,S66Rel7,NC,S66Rel7,S66Rel7_288,288,52,60,60
454,15,S66Rel7,NC,S66Rel7,S66Rel7_295,295,53,60,60
455,15,S66Rel7,NC,S66Rel7,S66Rel7_309,309,54,60,60
456,15,S66Rel7,NC,S66Rel7,S66Rel7_316,316,55,60,60
457,15,S66Rel7,NC,S66Rel7,S66Rel7_323,323,56,60,60
458,15,S66Rel7,NC,S66Rel7,S66Rel7_330,330,57,60,60
459,15,S66Rel7,NC,S66Rel7,S66Rel7_337,337,58,60,60
460,15,S66Rel7,NC,S66Rel7,S66Rel7_344,344,59,60,60
461,15,S66Rel7,NC,S66Rel7,S66Rel7_351,351,60,60,60
462,15,S66Rel7,NC,S66Rel7,S66Rel7_358,358,61,60,60
463,15,S66Rel7,NC,S66Rel7,S66Rel7_365,365,62,60,60
464,15,S66Rel7,NC,S66Rel7,S66Rel7_372,372,63,60,60
465,15,S66Rel7,NC,S66Rel7,S66Rel7_377,377,64,60,60
466,15,S66Rel7,NC,S66Rel7,S66Rel7_379,379,65,60,60
467,15,S66Rel7,NC,S66Rel7,S66Rel7_393,393,66,60,60
468,15,S66Rel7,NC,S66Rel7,S66Rel7_405,405,67,60,60
469,15,S66Rel7,NC,S66Rel7,S66Rel7_407,407,68,60,60
470,15,S66Rel7,NC,S66Rel7,S66Rel7_414,414,69,60,60
471,15,S66Rel7,NC,S66Rel7,S66Rel7_419,419,70,60,60
472,15,S66Rel7,NC,S66Rel7,S66Rel7_421,421,71,60,60
473,15,S66Rel7,NC,S66Rel7,S66Rel7_435,435,72,60,60
474,15,S66Rel7,NC,S66Rel7,S66Rel7_442,442,73,60,60
475,15,S66Rel7,NC,S66Rel7,S66Rel7_449,449,74,60,60
476,16,Bauza30,NC,Bauza30,Bauza30_1,1,1,20,20
477,16,Bauza30,NC,Bauza30,Bauza30_2,2,2,20,20
478,16,Bauza30,NC,Bauza30,Bauza30_3,3,3,20,20
479,16,Bauza30,NC,Bauza30,Bauza30_4,4,4,20,20
480,16,Bauza30,NC,Bauza30,Bauza30_5,5,5,20,20
481,16,Bauza30,NC,Bauza30,Bauza30_6,6,6,20,20
482,16,Bauza30,NC,Bauza30,Bauza30_7,7,7,20,20
483,16,Bauza30,NC,Bauza30,Bauza30_8,8,8,20,20
484,16,Bauza30,NC,Bauza30,Bauza30_9,9,9,20,20
485,16,Bauza30,NC,Bauza30,Bauza30_10,10,10,20,20
486,16,Bauza30,NC,Bauza30,Bauza30_11,11,11,20,20
487,16,Bauza30,NC,Bauza30,Bauza30_12,12,12,20,20
488,16,Bauza30,NC,Bauza30,Bauza30_13,13,13,20,20
489,16,Bauza30,NC,Bauza30,Bauza30_14,14,14,20,20
490,16,Bauza30,NC,Bauza30,Bauza30_15,15,15,20,20
491,16,Bauza30,NC,Bauza30,Bauza30_16,16,16,20,20
492,16,Bauza30,NC,Bauza30,Bauza30_17,17,17,20,20
493,16,Bauza30,NC,Bauza30,Bauza30_18,18,18,20,20
494,16,Bauza30,NC,Bauza30,Bauza30_19,19,19,20,20
495,16,Bauza30,NC,Bauza30,Bauza30_20,20,20,20,20
496,16,Bauza30,NC,Bauza30,Bauza30_21,21,21,20,20
497,16,Bauza30,NC,Bauza30,Bauza30_22,22,22,20,20
498,16,Bauza30,NC,Bauza30,Bauza30_23,23,23,20,20
499,16,Bauza30,NC,Bauza30,Bauza30_24,24,24,20,20
500,16,Bauza30,NC,Bauza30,Bauza30_25,25,25,20,20
501,16,Bauza30,NC,Bauza30,Bauza30_26,26,26,20,20
502,16,Bauza30,NC,Bauza30,Bauza30_27,27,27,20,20
503,16,Bauza30,NC,Bauza30,Bauza30_28,28,28,20,20
504,16,Bauza30,NC,Bauza30,Bauza30_29,29,29,20,20
505,16,Bauza30,NC,Bauza30,Bauza30_30,30,30,20,20
506,17,CT20,NC,CT20,CT20_1,1,1,400,400
507,17,CT20,NC,CT20,CT20_2,2,2,400,400
508,17,CT20,NC,CT20,CT20_3,3,3,400,400
509,17,CT20,NC,CT20,CT20_4,4,4,400,400
510,17,CT20,NC,CT20,CT20_5,5,5,400,400
511,17,CT20,NC,CT20,CT20_6,6,6,400,400
512,17,CT20,NC,CT20,CT20_7,7,7,400,400
513,17,CT20,NC,CT20,CT20_8,8,8,400,400
514,17,CT20,NC,CT20,CT20_9,9,9,400,400
515,17,CT20,NC,CT20,CT20_10,10,10,400,400
516,17,CT20,NC,CT20,CT20_11,11,11,400,400
517,17,CT20,NC,CT20,CT20_12,12,12,400,400
518,17,CT20,NC,CT20,CT20_13,13,13,400,400
519,17,CT20,NC,CT20,CT20_14,14,14,400,400
520,17,CT20,NC,CT20,CT20_15,15,15,400,400
521,17,CT20,NC,CT20,CT20_16,16,16,400,400
522,17,CT20,NC,CT20,CT20_17,17,17,400,400
523,17,CT20,NC,CT20,CT20_18,18,18,400,400
524,17,CT20,NC,CT20,CT20_19,19,19,400,400
525,17,CT20,NC,CT20,CT20_20,20,20,400,400
526,18,HCP32,NC,HCP32,HCP32_1,1,1,60,60
527,18,HCP32,NC,HCP32,HCP32_2,2,2,60,60
528,18,HCP32,NC,HCP32,HCP32_3,3,3,60,60
529,18,HCP32,NC,HCP32,HCP32_4,4,4,60,60
530,18,HCP32,NC,HCP32,HCP32_5,5,5,60,60
531,18,HCP32,NC,HCP32,HCP32_6,6,6,60,60
532,18,HCP32,NC,HCP32,HCP32_7,7,7,60,60
533,18,HCP32,NC,HCP32,HCP32_8,8,8,60,60
534,18,HCP32,NC,HCP32,HCP32_9,9,9,60,60
535,18,HCP32,NC,HCP32,HCP32_10,10,10,60,60
536,18,HCP32,NC,HCP32,HCP32_11,11,11,60,60
537,18,HCP32,NC,HCP32,HCP32_12,12,12,60,60
538,18,HCP32,NC,HCP32,HCP32_13,13,13,60,60
539,18,HCP32,NC,HCP32,HCP32_14,14,14,60,60
540,18,HCP32,NC,HCP32,HCP32_15,15,15,60,60
541,18,HCP32,NC,HCP32,HCP32_16,16,16,60,60
542,18,HCP32,NC,HCP32,HCP32_17,17,17,60,60
543,18,HCP32,NC,HCP32,HCP32_18,18,18,60,60
544,18,HCP32,NC,HCP32,HCP32_19,19,19,60,60
545,18,HCP32,NC,HCP32,HCP32_20,20,20,60,60
546,18,HCP32,NC,HCP32,HCP32_21,21,21,60,60
547,18,HCP32,NC,HCP32,HCP32_22,22,22,60,60
548,18,HCP32,NC,HCP32,HCP32_23,23,23,60,60
549,18,HCP32,NC,HCP32,HCP32_24,24,24,60,60
550,18,HCP32,NC,HCP32,HCP32_25,25,25,60,60
551,18,HCP32,NC,HCP32,HCP32_26,26,26,60,60
552,18,HCP32,NC,HCP32,HCP32_27,27,27,60,60
553,18,HCP32,NC,HCP32,HCP32_28,28,28,60,60
554,18,HCP32,NC,HCP32,HCP32_29,29,29,60,60
555,18,HCP32,NC,HCP32,HCP32_30,30,30,60,60
556,18,HCP32,NC,HCP32,HCP32_31,31,31,60,60
557,18,HCP32,NC,HCP32,HCP32_32,32,32,60,60
558,19,TA13,NC,TA13,TA13_1,1,1,8,8
559,19,TA13,NC,TA13,TA13_2,2,2,8,8
560,19,TA13,NC,TA13,TA13_3,3,3,8,8
561,19,TA13,NC,TA13,TA13_4,4,4,8,8
562,19,TA13,NC,TA13,TA13_5,5,5,8,8
563,19,TA13,NC,TA13,TA13_6,6,6,8,8
564,19,TA13,NC,TA13,TA13_7,7,7,8,8
565,19,TA13,NC,TA13,TA13_8,8,8,8,8
566,19,TA13,NC,TA13,TA13_9,9,9,8,8
567,19,TA13,NC,TA13,TA13_10,10,10,8,8
568,19,TA13,NC,TA13,TA13_11,11,11,8,8
569,19,TA13,NC,TA13,TA13_12,12,12,8,8
570,19,TA13,NC,TA13,TA13_13,13,13,8,8
571,20,XB25,NC,XB25,XB25_1,1,1,200,200
572,20,XB25,NC,XB25,XB25_2,2,2,200,200
573,20,XB25,NC,XB25,XB25_3,3,3,200,200
574,20,XB25,NC,XB25,XB25_4,4,4,200,200
575,20,XB25,NC,XB25,XB25_5,5,5,200,200
576,20,XB25,NC,XB25,XB25_6,6,6,200,200
577,20,XB25,NC,XB25,XB25_7,7,7,200,200
578,20,XB25,NC,XB25,XB25_8,8,8,200,200
579,21,HW6Cl5,NC,HW6Cl5,HW6Cl_2,1,1,120,120
580,21,HW6Cl5,NC,HW6Cl5,HW6Cl_3,2,2,120,120
581,21,HW6Cl5,NC,HW6Cl5,HW6Cl_4,3,3,120,120
582,21,HW6Cl5,NC,HW6Cl5,HW6Cl_5,4,4,120,120
583,21,HW6Cl5,NC,HW6Cl5,HW6Cl_6,5,5,120,120
584,22,Shields38,NC,Shields38,Shields38_14,14,1,100,100
585,22,Shields38,NC,Shields38,Shields38_15,15,2,100,100
586,22,Shields38,NC,Shields38,Shields38_16,16,3,100,100
587,22,Shields38,NC,Shields38,Shields38_17,17,4,100,100
588,22,Shields38,NC,Shields38,Shields38_18,18,5,100,100
589,22,Shields38,NC,Shields38,Shields38_19,19,6,100,100
590,22,Shields38,NC,Shields38,Shields38_20,20,7,100,100
591,22,Shields38,NC,Shields38,Shields38_21,21,8,100,100
592,23,A24,NC,A24,A24_1,1,1,400,400
593,23,A24,NC,A24,A24_2,2,2,400,400
594,23,A24,NC,A24,A24_3,3,3,400,400
595,23,A24,NC,A24,A24_4,4,4,400,400
596,23,A24,NC,A24,A24_5,5,5,400,400
597,23,A24,NC,A24,A24_6,6,6,400,400
598,23,A24,NC,A24,A24_7,7,7,400,400
599,23,A24,NC,A24,A24_8,8,8,400,400
600,23,A24,NC,A24,A24_9,9,9,400,400
601,23,A24,NC,A24,A24_10,10,10,400,400
602,23,A24,NC,A24,A24_11,11,11,400,400
603,23,A24,NC,A24,A24_12,12,12,400,400
604,23,A24,NC,A24,A24_13,13,13,400,400
605,23,A24,NC,A24,A24_14,14,14,400,400
606,23,A24,NC,A24,A24_15,15,15,400,400
607,23,A24,NC,A24,A24_16,16,16,400,400
608,23,A24,NC,A24,A24_17,17,17,400,400
609,23,A24,NC,A24,A24_18,18,18,400,400
610,23,A24,NC,A24,A24_19,19,19,400,400
611,23,A24,NC,A24,A24_20,20,20,400,400
612,23,A24,NC,A24,A24_21,21,21,400,400
613,23,A24,NC,A24,A24_22,22,22,400,400
614,23,A24,NC,A24,A24_23,23,23,400,400
615,23,A24,NC,A24,A24_24,24,24,400,400
616,24,DS14,NC,DS14,DS14_1,1,1,60,60
617,24,DS14,NC,DS14,DS14_2,2,2,60,60
618,24,DS14,NC,DS14,DS14_3,3,3,60,60
619,24,DS14,NC,DS14,DS14_4,4,4,60,60
620,24,DS14,NC,DS14,DS14_5,5,5,60,60
621,24,DS14,NC,DS14,DS14_6,6,6,60,60
622,24,DS14,NC,DS14,DS14_7,7,7,60,60
623,24,DS14,NC,DS14,DS14_8,8,8,60,60
624,24,DS14,NC,DS14,DS14_9,9,9,60,60
625,24,DS14,NC,DS14,DS14_10,10,10,60,60
626,24,DS14,NC,DS14,DS14_11,11,11,60,60
627,24,DS14,NC,DS14,DS14_12,12,12,60,60
628,24,DS14,NC,DS14,DS14_13,13,13,60,60
629,24,DS14,NC,DS14,DS14_14,14,14,60,60
630,25,HSG,NC,HSG,HSG_1,1,1,150,150
631,25,HSG,NC,HSG,HSG_2,2,2,150,150
632,25,HSG,NC,HSG,HSG_3,3,3,150,150
633,25,HSG,NC,HSG,HSG_4,4,4,150,150
634,25,HSG,NC,HSG,HSG_5,5,5,150,150
635,25,HSG,NC,HSG,HSG_6,6,6,150,150
636,25,HSG,NC,HSG,HSG_7,7,7,150,150
637,25,HSG,NC,HSG,HSG_8,8,8,150,150
638,25,HSG,NC,HSG,HSG_9,9,9,150,150
639,25,HSG,NC,HSG,HSG_10,10,10,150,150
640,25,HSG,NC,HSG,HSG_11,11,11,150,150
641,25,HSG,NC,HSG,HSG_12,12,12,150,150
642,25,HSG,NC,HSG,HSG_13,13,13,150,150
643,25,HSG,NC,HSG,HSG_14,14,14,150,150
644,25,HSG,NC,HSG,HSG_15,15,15,150,150
645,25,HSG,NC,HSG,HSG_16,16,16,150,150
646,25,HSG,NC,HSG,HSG_17,17,17,150,150
647,25,HSG,NC,HSG,HSG_18,18,18,150,150
648,25,HSG,NC,HSG,HSG_19,19,19,150,150
649,25,HSG,NC,HSG,HSG_20,20,20,150,150
650,25,HSG,NC,HSG,HSG_21,21,21,150,150
651,26,IHB100,NC,IHB100,IHB100_1,1,1,80,80
652,26,IHB100,NC,IHB100,IHB100_2,2,2,80,80
653,26,IHB100,NC,IHB100,IHB100_3,3,3,80,80
654,26,IHB100,NC,IHB100,IHB100_4,4,4,80,80
655,26,IHB100,NC,IHB100,IHB100_5,5,5,80,80
656,26,IHB100,NC,IHB100,IHB100_6,6,6,80,80
657,26,IHB100,NC,IHB100,IHB100_7,7,7,80,80
658,26,IHB100,NC,IHB100,IHB100_8,8,8,80,80
659,26,IHB100,NC,IHB100,IHB100_9,9,9,80,80
660,26,IHB100,NC,IHB100,IHB100_10,10,10,80,80
661,26,IHB100,NC,IHB100,IHB100_11,11,11,80,80
662,26,IHB100,NC,IHB100,IHB100_12,12,12,80,80
663,26,IHB100,NC,IHB100,IHB100_13,13,13,80,80
664,26,IHB100,NC,IHB100,IHB100_14,14,14,80,80
665,26,IHB100,NC,IHB100,IHB100_15,15,15,80,80
666,26,IHB100,NC,IHB100,IHB100_16,16,16,80,80
667,26,IHB100,NC,IHB100,IHB100_17,17,17,80,80
668,26,IHB100,NC,IHB100,IHB100_18,18,18,80,80
669,26,IHB100,NC,IHB100,IHB100_19,19,19,80,80
670,26,IHB100,NC,IHB100,IHB100_20,20,20,80,80
671,26,IHB100,NC,IHB100,IHB100_21,21,21,80,80
672,26,IHB100,NC,IHB100,IHB100_22,22,22,80,80
673,26,IHB100,NC,IHB100,IHB100_23,23,23,80,80
674,26,IHB100,NC,IHB100,IHB100_24,24,24,80,80
675,26,IHB100,NC,IHB100,IHB100_25,25,25,80,80
676,26,IHB100,NC,IHB100,IHB100_26,26,26,80,80
677,26,IHB100,NC,IHB100,IHB100_27,27,27,80,80
678,26,IHB100,NC,IHB100,IHB100_28,28,28,80,80
679,26,IHB100,NC,IHB100,IHB100_29,29,29,80,80
680,26,IHB100,NC,IHB100,IHB100_30,30,30,80,80
681,26,IHB100,NC,IHB100,IHB100_31,31,31,80,80
682,26,IHB100,NC,IHB100,IHB100_32,32,32,80,80
683,26,IHB100,NC,IHB100,IHB100_33,33,33,80,80
684,26,IHB100,NC,IHB100,IHB100_34,34,34,80,80
685,26,IHB100,NC,IHB100,IHB100_35,35,35,80,80
686,26,IHB100,NC,IHB100,IHB100_36,36,36,80,80
687,26,IHB100,NC,IHB100,IHB100_37,37,37,80,80
688,26,IHB100,NC,IHB100,IHB100_38,38,38,80,80
689,26,IHB100,NC,IHB100,IHB100_39,39,39,80,80
690,26,IHB100,NC,IHB100,IHB100_40,40,40,80,80
691,26,IHB100,NC,IHB100,IHB100_41,41,41,80,80
692,26,IHB100,NC,IHB100,IHB100_42,42,42,80,80
693,26,IHB100,NC,IHB100,IHB100_43,43,43,80,80
694,26,IHB100,NC,IHB100,IHB100_44,44,44,80,80
695,26,IHB100,NC,IHB100,IHB100_45,45,45,80,80
696,26,IHB100,NC,IHB100,IHB100_46,46,46,80,80
697,26,IHB100,NC,IHB100,IHB100_47,47,47,80,80
698,26,IHB100,NC,IHB100,IHB100_48,48,48,80,80
699,26,IHB100,NC,IHB100,IHB100_49,49,49,80,80
700,26,IHB100,NC,IHB100,IHB100_50,50,50,80,80
701,26,IHB100,NC,IHB100,IHB100_51,51,51,80,80
702,26,IHB100,NC,IHB100,IHB100_52,52,52,80,80
703,26,IHB100,NC,IHB100,IHB100_53,53,53,80,80
704,26,IHB100,NC,IHB100,IHB100_54,54,54,80,80
705,26,IHB100,NC,IHB100,IHB100_55,55,55,80,80
706,26,IHB100,NC,IHB100,IHB100_56,56,56,80,80
707,26,IHB100,NC,IHB100,IHB100_57,57,57,80,80
708,26,IHB100,NC,IHB100,IHB100_58,58,58,80,80
709,26,IHB100,NC,IHB100,IHB100_59,59,59,80,80
710,26,IHB100,NC,IHB100,IHB100_60,60,60,80,80
711,26,IHB100,NC,IHB100,IHB100_61,61,61,80,80
712,26,IHB100,NC,IHB100,IHB100_62,62,62,80,80
713,26,IHB100,NC,IHB100,IHB100_63,63,63,80,80
714,26,IHB100,NC,IHB100,IHB100_64,64,64,80,80
715,26,IHB100,NC,IHB100,IHB100_65,65,65,80,80
716,26,IHB100,NC,IHB100,IHB100_66,66,66,80,80
717,26,IHB100,NC,IHB100,IHB100_67,67,67,80,80
718,26,IHB100,NC,IHB100,IHB100_68,68,68,80,80
719,26,IHB100,NC,IHB100,IHB100_69,69,69,80,80
720,26,IHB100,NC,IHB100,IHB100_70,70,70,80,80
721,26,IHB100,NC,IHB100,IHB100_71,71,71,80,80
722,26,IHB100,NC,IHB100,IHB100_72,72,72,80,80
723,26,IHB100,NC,IHB100,IHB100_73,73,73,80,80
724,26,IHB100,NC,IHB100,IHB100_74,74,74,80,80
725,26,IHB100,NC,IHB100,IHB100_75,75,75,80,80
726,26,IHB100,NC,IHB100,IHB100_76,76,76,80,80
727,26,IHB100,NC,IHB100,IHB100_77,77,77,80,80
728,26,IHB100,NC,IHB100,IHB100_78,78,78,80,80
729,26,IHB100,NC,IHB100,IHB100_79,79,79,80,80
730,26,IHB100,NC,IHB100,IHB100_80,80,80,80,80
731,26,IHB100,NC,IHB100,IHB100_81,81,81,80,80
732,26,IHB100,NC,IHB100,IHB100_82,82,82,80,80
733,26,IHB100,NC,IHB100,IHB100_83,83,83,80,80
734,26,IHB100,NC,IHB100,IHB100_84,84,84,80,80
735,26,IHB100,NC,IHB100,IHB100_85,85,85,80,80
736,26,IHB100,NC,IHB100,IHB100_86,86,86,80,80
737,26,IHB100,NC,IHB100,IHB100_87,87,87,80,80
738,26,IHB100,NC,IHB100,IHB100_88,88,88,80,80
739,26,IHB100,NC,IHB100,IHB100_89,89,89,80,80
740,26,IHB100,NC,IHB100,IHB100_90,90,90,80,80
741,26,IHB100,NC,IHB100,IHB100_91,91,91,80,80
742,26,IHB100,NC,IHB100,IHB100_92,92,92,80,80
743,26,IHB100,NC,IHB100,IHB100_93,93,93,80,80
744,26,IHB100,NC,IHB100,IHB100_94,94,94,80,80
745,26,IHB100,NC,IHB100,IHB100_95,95,95,80,80
746,26,IHB100,NC,IHB100,IHB100_96,96,96,80,80
747,26,IHB100,NC,IHB100,IHB100_97,97,97,80,80
748,26,IHB100,NC,IHB100,IHB100_98,98,98,80,80
749,26,IHB100,NC,IHB100,IHB100_99,99,99,80,80
750,26,IHB100,NC,IHB100,IHB100_100,100,100,80,80
751,27,IL16,NC,IL16,IL16_1,1,1,120,120
752,27,IL16,NC,IL16,IL16_2,2,2,120,120
753,27,IL16,NC,IL16,IL16_3,3,3,120,120
754,27,IL16,NC,IL16,IL16_4,4,4,120,120
755,27,IL16,NC,IL16,IL16_5,5,5,120,120
756,27,IL16,NC,IL16,IL16_6,6,6,120,120
757,27,IL16,NC,IL16,IL16_7,7,7,120,120
758,27,IL16,NC,IL16,IL16_8,8,8,120,120
759,27,IL16,NC,IL16,IL16_9,9,9,120,120
760,27,IL16,NC,IL16,IL16_10,10,10,120,120
761,27,IL16,NC,IL16,IL16_11,11,11,120,120
762,27,IL16,NC,IL16,IL16_12,12,12,120,120
763,27,IL16,NC,IL16,IL16_13,13,13,120,120
764,27,IL16,NC,IL16,IL16_14,14,14,120,120
765,27,IL16,NC,IL16,IL16_15,15,15,120,120
766,27,IL16,NC,IL16,IL16_16,16,16,120,120
767,28,RG10N1,NC,RG10N,RG10N_1,1,1,25,25
768,28,RG10N1,NC,RG10N,RG10N_8,8,2,25,25
769,28,RG10N1,NC,RG10N,RG10N_31,31,3,25,25
770,28,RG10N1,NC,RG10N,RG10N_33,33,4,25,25
771,28,RG10N1,NC,RG10N,RG10N_58,58,5,25,25
772,28,RG10N1,NC,RG10N,RG10N_59,59,6,25,25
773,28,RG10N1,NC,RG10N,RG10N_61,61,7,25,25
774,28,RG10N1,NC,RG10N,RG10N_63,63,8,25,25
775,28,RG10N1,NC,RG10N,RG10N_92,92,9,25,25
776,28,RG10N1,NC,RG10N,RG10N_93,93,10,25,25
777,28,RG10N1,NC,RG10N,RG10N_95,95,11,25,25
778,28,RG10N1,NC,RG10N,RG10N_125,125,12,25,25
779,28,RG10N1,NC,RG10N,RG10N_147,147,13,25,25
780,28,RG10N1,NC,RG10N,RG10N_149,149,14,25,25
781,28,RG10N1,NC,RG10N,RG10N_176,176,15,25,25
782,28,RG10N1,NC,RG10N,RG10N_177,177,16,25,25
783,28,RG10N1,NC,RG10N,RG10N_179,179,17,25,25
784,28,RG10N1,NC,RG10N,RG10N_181,181,18,25,25
785,28,RG10N1,NC,RG10N,RG10N_210,210,19,25,25
786,28,RG10N1,NC,RG10N,RG10N_212,212,20,25,25
787,28,RG10N1,NC,RG10N,RG10N_240,240,21,25,25
788,28,RG10N1,NC,RG10N,RG10N_242,242,22,25,25
789,28,RG10N1,NC,RG10N,RG10N_244,244,23,25,25
790,29,RG10N2,NC,RG10N,RG10N_3,3,1,800,800
791,29,RG10N2,NC,RG10N,RG10N_9,9,2,800,800
792,29,RG10N2,NC,RG10N,RG10N_11,11,3,800,800
793,29,RG10N2,NC,RG10N,RG10N_40,40,4,800,800
794,29,RG10N2,NC,RG10N,RG10N_71,71,5,800,800
795,29,RG10N2,NC,RG10N,RG10N_102,102,6,800,800
796,29,RG10N2,NC,RG10N,RG10N_105,105,7,800,800
797,29,RG10N2,NC,RG10N,RG10N_128,128,8,800,800
798,29,RG10N2,NC,RG10N,RG10N_131,131,9,800,800
799,29,RG10N2,NC,RG10N,RG10N_151,151,10,800,800
800,29,RG10N2,NC,RG10N,RG10N_153,153,11,800,800
801,29,RG10N2,NC,RG10N,RG10N_184,184,12,800,800
802,29,RG10N2,NC,RG10N,RG10N_189,189,13,800,800
803,29,RG10N2,NC,RG10N,RG10N_216,216,14,800,800
804,29,RG10N2,NC,RG10N,RG10N_218,218,15,800,800
805,29,RG10N2,NC,RG10N,RG10N_249,249,16,800,800
806,29,RG10N2,NC,RG10N,RG10N_253,253,17,800,800
807,30,S22,NC,S22,S22_1,1,1,120,120
808,30,S22,NC,S22,S22_2,2,2,120,120
809,30,S22,NC,S22,S22_3,3,3,120,120
810,30,S22,NC,S22,S22_4,4,4,120,120
811,30,S22,NC,S22,S22_5,5,5,120,120
812,30,S22,NC,S22,S22_6,6,6,120,120
813,30,S22,NC,S22,S22_7,7,7,120,120
814,30,S22,NC,S22,S22_8,8,8,120,120
815,30,S22,NC,S22,S22_9,9,9,120,120
816,30,S22,NC,S22,S22_10,10,10,120,120
817,30,S22,NC,S22,S22_11,11,11,120,120
818,30,S22,NC,S22,S22_12,12,12,120,120
819,30,S22,NC,S22,S22_13,13,13,120,120
820,30,S22,NC,S22,S22_14,14,14,120,120
821,30,S22,NC,S22,S22_15,15,15,120,120
822,30,S22,NC,S22,S22_16,16,16,120,120
823,30,S22,NC,S22,S22_17,17,17,120,120
824,30,S22,NC,S22,S22_18,18,18,120,120
825,30,S22,NC,S22,S22_19,19,19,120,120
826,30,S22,NC,S22,S22_20,20,20,120,120
827,30,S22,NC,S22,S22_21,21,21,120,120
828,30,S22,NC,S22,S22_22,22,22,120,120
829,31,MB16-43,TC,MB16-43,MB16-43_1,1,1,0.05,0.050000000000000003
830,31,MB16-43,TC,MB16-43,MB16-43_2,2,2,0.05,0.050000000000000003
831,31,MB16-43,TC,MB16-43,MB16-43_3,3,3,0.05,0.050000000000000003
832,31,MB16-43,TC,MB16-43,MB16-43_4,4,4,0.05,0.050000000000000003
833,31,MB16-43,TC,MB16-43,MB16-43_5,5,5,0.05,0.050000000000000003
834,31,MB16-43,TC,MB16-43,MB16-43_6,6,6,0.05,0.050000000000000003
835,31,MB16-43,TC,MB16-43,MB16-43_7,7,7,0.05,0.050000000000000003
836,31,MB16-43,TC,MB16-43,MB16-43_8,8,8,0.05,0.050000000000000003
837,31,MB16-43,TC,MB16-43,MB16-43_9,9,9,0.05,0.050000000000000003
838,31,MB16-43,TC,MB16-43,MB16-43_10,10,10,0.05,0.050000000000000003
839,31,MB16-43,TC,MB16-43,MB16-43_11,11,11,0.05,0.050000000000000003
840,31,MB16-43,TC,MB16-43,MB16-43_12,12,12,0.05,0.050000000000000003
841,31,MB16-43,TC,MB16-43,MB16-43_13,13,13,0.05,0.050000000000000003
842,31,MB16-43,TC,MB16-43,MB16-43_14,14,14,0.05,0.050000000000000003
843,31,MB16-43,TC,MB16-43,MB16-43_15,15,15,0.05,0.050000000000000003
844,31,MB16-43,TC,MB16-43,MB16-43_16,16,16,0.05,0.050000000000000003
845,31,MB16-43,TC,MB16-43,MB16-43_17,17,17,0.05,0.050000000000000003
846,31,MB16-43,TC,MB16-43,MB16-43_18,18,18,0.05,0.050000000000000003
847,31,MB16-43,TC,MB16-43,MB16-43_19,19,19,0.05,0.050000000000000003
848,31,MB16-43,TC,MB16-43,MB16-43_20,20,20,0.05,0.050000000000000003
849,31,MB16-43,TC,MB16-43,MB16-43_21,21,21,0.05,0.050000000000000003
850,31,MB16-43,TC,MB16-43,MB16-43_22,22,22,0.05,0.050000000000000003
851,31,MB16-43,TC,MB16-43,MB16-43_23,23,23,0.05,0.050000000000000003
852,31,MB16-43,TC,MB16-43,MB16-43_24,24,24,0.05,0.050000000000000003
853,31,MB16-43,TC,MB16-43,MB16-43_25,25,25,0.05,0.050000000000000003
854,31,MB16-43,TC,MB16-43,MB16-43_26,26,26,0.05,0.050000000000000003
855,31,MB16-43,TC,MB16-43,MB16-43_27,27,27,0.05,0.050000000000000003
856,31,MB16-43,TC,MB16-43,MB16-43_28,28,28,0.05,0.050000000000000003
857,31,MB16-43,TC,MB16-43,MB16-43_29,29,29,0.05,0.050000000000000003
858,31,MB16-43,TC,MB16-43,MB16-43_30,30,30,0.05,0.050000000000000003
859,31,MB16-43,TC,MB16-43,MB16-43_31,31,31,0.05,0.050000000000000003
860,31,MB16-43,TC,MB16-43,MB16-43_32,32,32,0.05,0.050000000000000003
861,31,MB16-43,TC,MB16-43,MB16-43_33,33,33,0.05,0.050000000000000003
862,31,MB16-43,TC,MB16-43,MB16-43_34,34,34,0.05,0.050000000000000003
863,31,MB16-43,TC,MB16-43,MB16-43_35,35,35,0.05,0.050000000000000003
864,31,MB16-43,TC,MB16-43,MB16-43_36,36,36,0.05,0.050000000000000003
865,31,MB16-43,TC,MB16-43,MB16-43_37,37,37,0.05,0.050000000000000003
866,31,MB16-43,TC,MB16-43,MB16-43_38,38,38,0.05,0.050000000000000003
867,31,MB16-43,TC,MB16-43,MB16-43_39,39,39,0.05,0.050000000000000003
868,31,MB16-43,TC,MB16-43,MB16-43_40,40,40,0.05,0.050000000000000003
869,31,MB16-43,TC,MB16-43,MB16-43_41,41,41,0.05,0.050000000000000003
870,31,MB16-43,TC,MB16-43,MB16-43_42,42,42,0.05,0.050000000000000003
871,31,MB16-43,TC,MB16-43,MB16-43_43,43,43,0.05,0.050000000000000003
872,32,MX34,TC,MX34,MX35_1,1,1,0.02,0.02
873,32,MX34,TC,MX34,MX35_2,2,2,0.02,0.02
874,32,MX34,TC,MX34,MX35_3,3,3,0.02,0.02
875,32,MX34,TC,MX34,MX35_4,4,4,0.02,0.02
876,32,MX34,TC,MX34,MX35_5,5,5,0.02,0.02
877,32,MX34,TC,MX34,MX35_6,6,6,0.02,0.02
878,32,MX34,TC,MX34,MX35_7,7,7,0.02,0.02
879,32,MX34,TC,MX34,MX35_8,8,8,0.02,0.02
880,32,MX34,TC,MX34,MX35_9,9,9,0.02,0.02
881,32,MX34,TC,MX34,MX35_10,10,10,0.02,0.02
882,32,MX34,TC,MX34,MX35_12,11,11,0.02,0.02
883,32,MX34,TC,MX34,MX35_13,12,12,0.02,0.02
884,32,MX34,TC,MX34,MX35_14,13,13,0.02,0.02
885,32,MX34,TC,MX34,MX35_15,14,14,0.02,0.02
886,32,MX34,TC,MX34,MX35_16,15,15,0.02,0.02
887,32,MX34,TC,MX34,MX35_17,16,16,0.02,0.02
888,32,MX34,TC,MX34,MX35_18,17,17,0.02,0.02
889,32,MX34,TC,MX34,MX35_19,18,18,0.02,0.02
890,32,MX34,TC,MX34,MX35_20,19,19,0.02,0.02
891,32,MX34,TC,MX34,MX35_21,20,20,0.02,0.02
892,32,MX34,TC,MX34,MX35_22,21,21,0.02,0.02
893,32,MX34,TC,MX34,MX35_23,22,22,0.02,0.02
894,32,MX34,TC,MX34,MX35_24,23,23,0.02,0.02
895,32,MX34,TC,MX34,MX35_25,24,24,0.02,0.02
896,32,MX34,TC,MX34,MX35_26,25,25,0.02,0.02
897,32,MX34,TC,MX34,MX35_27,26,26,0.02,0.02
898,32,MX34,TC,MX34,MX35_28,27,27,0.02,0.02
899,32,MX34,TC,MX34,MX35_29,28,28,0.02,0.02
900,32,MX34,TC,MX34,MX35_30,29,29,0.02,0.02
901,32,MX34,TC,MX34,MX35_31,30,30,0.02,0.02
902,32,MX34,TC,MX34,MX35_32,31,31,0.02,0.02
903,32,MX34,TC,MX34,MX35_33,32,32,0.02,0.02
904,32,MX34,TC,MX34,MX35_34,33,33,0.02,0.02
905,32,MX34,TC,MX34,MX35_35,34,34,0.02,0.02
906,33,AE18,TC,AE18,AE18_1,1,1,1/sqrt(j),1
907,33,AE18,TC,AE18,AE18_2,2,2,1/sqrt(j),0.70710678118654746
908,33,AE18,TC,AE18,AE18_3,3,3,1/sqrt(j),0.57735026918962584
909,33,AE18,TC,AE18,AE18_4,4,4,1/sqrt(j),0.5
910,33,AE18,TC,AE18,AE18_5,5,5,1/sqrt(j),0.44721359549995793
911,33,AE18,TC,AE18,AE18_6,6,6,1/sqrt(j),0.40824829046386307
912,33,AE18,TC,AE18,AE18_7,7,7,1/sqrt(j),0.3779644730092272
913,33,AE18,TC,AE18,AE18_8,8,8,1/sqrt(j),0.35355339059327373
914,33,AE18,TC,AE18,AE18_9,9,9,1/sqrt(j),0.33333333333333331
915,33,AE18,TC,AE18,AE18_10,10,10,1/sqrt(j),0.31622776601683794
916,33,AE18,TC,AE18,AE18_11,11,11,1/sqrt(j),0.30151134457776363
917,33,AE18,TC,AE18,AE18_12,12,12,1/sqrt(j),0.28867513459481292
918,33,AE18,TC,AE18,AE18_13,13,13,1/sqrt(j),0.27735009811261457
919,33,AE18,TC,AE18,AE18_14,14,14,1/sqrt(j),0.2672612419124244
920,33,AE18,TC,AE18,AE18_15,15,15,1/sqrt(j),0.2581988897471611
921,33,AE18,TC,AE18,AE18_16,16,16,1/sqrt(j),0.25
922,33,AE18,TC,AE18,AE18_17,17,17,1/sqrt(j),0.24253562503633297
923,33,AE18,TC,AE18,AE18_18,18,18,1/sqrt(j),0.23570226039551587
924,34,ALK8,TC,ALK8,ALK8_1,1,1,2,2
925,34,ALK8,TC,ALK8,ALK8_2,2,2,2,2
926,34,ALK8,TC,ALK8,ALK8_3,3,3,2,2
927,34,ALK8,TC,ALK8,ALK8_4,4,4,2,2
928,34,ALK8,TC,ALK8,ALK8_5,5,5,2,2
929,34,ALK8,TC,ALK8,ALK8_6,6,6,2,2
930,34,ALK8,TC,ALK8,ALK8_7,7,7,2,2
931,34,ALK8,TC,ALK8,ALK8_8,8,8,2,2
932,35,AlkAtom19,TC,AlkAtom19,AlkAtom19_1,1,1,1,1
933,35,AlkAtom19,TC,AlkAtom19,AlkAtom19_2,2,2,1,1
934,35,AlkAtom19,TC,AlkAtom19,AlkAtom19_3,3,3,1,1
935,35,AlkAtom19,TC,AlkAtom19,AlkAtom19_4,4,4,1,1
936,35,AlkAtom19,TC,AlkAtom19,AlkAtom19_5,5,5,1,1
937,35,AlkAtom19,TC,AlkAtom19,AlkAtom19_6,6,6,1,1
938,35,AlkAtom19,TC,AlkAtom19,AlkAtom19_7,7,7,1,1
939,35,AlkAtom19,TC,AlkAtom19,AlkAtom19_8,8,8,1,1
940,35,AlkAtom19,TC,AlkAtom19,AlkAtom19_9,9,9,1,1
941,35,AlkAtom19,TC,AlkAtom19,AlkAtom19_10,10,10,1,1
942,35,AlkAtom19,TC,AlkAtom19,AlkAtom19_11,11,11,1,1
943,35,AlkAtom19,TC,AlkAtom19,AlkAtom19_12,12,12,1,1
944,35,AlkAtom19,TC,AlkAtom19,AlkAtom19_13,13,13,1,1
945,35,AlkAtom19,TC,AlkAtom19,AlkAtom19_14,14,14,1,1
946,35,AlkAtom19,TC,AlkAtom19,AlkAtom19_15,15,15,1,1
947,35,AlkAtom19,TC,AlkAtom19,AlkAtom19_16,16,16,1,1
948,35,AlkAtom19,TC,AlkAtom19,AlkAtom19_17,17,17,1,1
949,35,AlkAtom19,TC,AlkAtom19,AlkAtom19_18,18,18,1,1
950,35,AlkAtom19,TC,AlkAtom19,AlkAtom19_19,19,19,1,1
951,36,BDE99nonMR,TC,BDE99nonMR,BDE99_10,1,1,1.2,1.2
952,36,BDE99nonMR,TC,BDE99nonMR,BDE99_11,2,2,1.2,1.2
953,36,BDE99nonMR,TC,BDE99nonMR,BDE99_13,3,3,1.2,1.2
954,36,BDE99nonMR,TC,BDE99nonMR,BDE99_14,4,4,1.2,1.2
955,36,BDE99nonMR,TC,BDE99nonMR,BDE99_15,5,5,1.2,1.2
956,36,BDE99nonMR,TC,BDE99nonMR,BDE99_16,6,6,1.2,1.2
957,36,BDE99nonMR,TC,BDE99nonMR,BDE99_17,7,7,1.2,1.2
958,36,BDE99nonMR,TC,BDE99nonMR,BDE99_18,8,8,1.2,1.2
959,36,BDE99nonMR,TC,BDE99nonMR,BDE99_19,9,9,1.2,1.2
960,36,BDE99nonMR,TC,BDE99nonMR,BDE99_20,10,10,1.2,1.2
961,36,BDE99nonMR,TC,BDE99nonMR,BDE99_21,11,11,1.2,1.2
962,36,BDE99nonMR,TC,BDE99nonMR,BDE99_22,12,12,1.2,1.2
963,36,BDE99nonMR,TC,BDE99nonMR,BDE99_23,13,13,1.2,1.2
964,36,BDE99nonMR,TC,BDE99nonMR,BDE99_24,14,14,1.2,1.2
965,36,BDE99nonMR,TC,BDE99nonMR,BDE99_25,15,15,1.2,1.2
966,36,BDE99nonMR,TC,BDE99nonMR,BDE99_26,16,16,1.2,1.2
967,36,BDE99nonMR,TC,BDE99nonMR,BDE99_27,17,17,1.2,1.2
968,36,BDE99nonMR,TC,BDE99nonMR,BDE99_28,18,18,1.2,1.2
969,36,BDE99nonMR,TC,BDE99nonMR,BDE99_29,19,19,1.2,1.2
970,36,BDE99nonMR,TC,BDE99nonMR,BDE99_30,20,20,1.2,1.2
971,36,BDE99nonMR,TC,BDE99nonMR,BDE99_31,21,21,1.2,1.2
972,36,BDE99nonMR,TC,BDE99nonMR,BDE99_32,22,22,1.2,1.2
973,36,BDE99nonMR,TC,BDE99nonMR,BDE99_33,23,23,1.2,1.2
974,36,BDE99nonMR,TC,BDE99nonMR,BDE99_34,24,24,1.2,1.2
975,36,BDE99nonMR,TC,BDE99nonMR,BDE99_35,25,25,1.2,1.2
976,36,BDE99nonMR,TC,BDE99nonMR,BDE99_36,26,26,1.2,1.2
977,36,BDE99nonMR,TC,BDE99nonMR,BDE99_37,27,27,1.2,1.2
978,36,BDE99nonMR,TC,BDE99nonMR,BDE99_38,28,28,1.2,1.2
979,36,BDE99nonMR,TC,BDE99nonMR,BDE99_39,29,29,1.2,1.2
980,36,BDE99nonMR,TC,BDE99nonMR,BDE99_40,30,30,1.2,1.2
981,36,BDE99nonMR,TC,BDE99nonMR,BDE99_41,31,31,1.2,1.2
982,36,BDE99nonMR,TC,BDE99nonMR,BDE99_42,32,32,1.2,1.2
983,36,BDE99nonMR,TC,BDE99nonMR,BDE99_43,33,33,1.2,1.2
984,36,BDE99nonMR,TC,BDE99nonMR,BDE99_44,34,34,1.2,1.2
985,36,BDE99nonMR,TC,BDE99nonMR,BDE99_45,35,35,1.2,1.2
986,36,BDE99nonMR,TC,BDE99nonMR,BDE99_46,36,36,1.2,1.2
987,36,BDE99nonMR,TC,BDE99nonMR,BDE99_47,37,37,1.2,1.2
988,36,BDE99nonMR,TC,BDE99nonMR,BDE99_48,38,38,1.2,1.2
989,36,BDE99nonMR,TC,BDE99nonMR,BDE99_49,39,39,1.2,1.2
990,36,BDE99nonMR,TC,BDE99nonMR,BDE99_50,40,40,1.2,1.2
991,36,BDE99nonMR,TC,BDE99nonMR,BDE99_51,41,41,1.2,1.2
992,36,BDE99nonMR,TC,BDE99nonMR,BDE99_52,42,42,1.2,1.2
993,36,BDE99nonMR,TC,BDE99nonMR,BDE99_53,43,43,1.2,1.2
994,36,BDE99nonMR,TC,BDE99nonMR,BDE99_54,44,44,1.2,1.2
995,36,BDE99nonMR,TC,BDE99nonMR,BDE99_59,45,45,1.2,1.2
996,36,BDE99nonMR,TC,BDE99nonMR,BDE99_60,46,46,1.2,1.2
997,36,BDE99nonMR,TC,BDE99nonMR,BDE99_61,47,47,1.2,1.2
998,36,BDE99nonMR,TC,BDE99nonMR,BDE99_62,48,48,1.2,1.2
999,36,BDE99nonMR,TC,BDE99nonMR,BDE99_63,49,49,1.2,1.2
1000,36,BDE99nonMR,TC,BDE99nonMR,BDE99_64,50,50,1.2,1.2
1001,36,BDE99nonMR,TC,BDE99nonMR,BDE99_65,51,51,1.2,1.2
1002,36,BDE99nonMR,TC,BDE99nonMR,BDE99_66,52,52,1.2,1.2
1003,36,BDE99nonMR,TC,BDE99nonMR,BDE99_67,53,53,1.2,1.2
1004,36,BDE99nonMR,TC,BDE99nonMR,BDE99_68,54,54,1.2,1.2
1005,36,BDE99nonMR,TC,BDE99nonMR,BDE99_69,55,55,1.2,1.2
1006,36,BDE99nonMR,TC,BDE99nonMR,BDE99_70,56,56,1.2,1.2
1007,36,BDE99nonMR,TC,BDE99nonMR,BDE99_71,57,57,1.2,1.2
1008,36,BDE99nonMR,TC,BDE99nonMR,BDE99_72,58,58,1.2,1.2
1009,36,BDE99nonMR,TC,BDE99nonMR,BDE99_73,59,59,1.2,1.2
1010,36,BDE99nonMR,TC,BDE99nonMR,BDE99_74,60,60,1.2,1.2
1011,36,BDE99nonMR,TC,BDE99nonMR,BDE99_75,61,61,1.2,1.2
1012,36,BDE99nonMR,TC,BDE99nonMR,BDE99_76,62,62,1.2,1.2
1013,36,BDE99nonMR,TC,BDE99nonMR,BDE99_77,63,63,1.2,1.2
1014,36,BDE99nonMR,TC,BDE99nonMR,BDE99_78,64,64,1.2,1.2
1015,36,BDE99nonMR,TC,BDE99nonMR,BDE99_79,65,65,1.2,1.2
1016,36,BDE99nonMR,TC,BDE99nonMR,BDE99_80,66,66,1.2,1.2
1017,36,BDE99nonMR,TC,BDE99nonMR,BDE99_81,67,67,1.2,1.2
1018,36,BDE99nonMR,TC,BDE99nonMR,BDE99_82,68,68,1.2,1.2
1019,36,BDE99nonMR,TC,BDE99nonMR,BDE99_83,69,69,1.2,1.2
1020,36,BDE99nonMR,TC,BDE99nonMR,BDE99_84,70,70,1.2,1.2
1021,36,BDE99nonMR,TC,BDE99nonMR,BDE99_85,71,71,1.2,1.2
1022,36,BDE99nonMR,TC,BDE99nonMR,BDE99_86,72,72,1.2,1.2
1023,36,BDE99nonMR,TC,BDE99nonMR,BDE99_87,73,73,1.2,1.2
1024,36,BDE99nonMR,TC,BDE99nonMR,BDE99_88,74,74,1.2,1.2
1025,36,BDE99nonMR,TC,BDE99nonMR,BDE99_89,75,75,1.2,1.2
1026,36,BDE99nonMR,TC,BDE99nonMR,BDE99_90,76,76,1.2,1.2
1027,36,BDE99nonMR,TC,BDE99nonMR,BDE99_91,77,77,1.2,1.2
1028,36,BDE99nonMR,TC,BDE99nonMR,BDE99_92,78,78,1.2,1.2
1029,36,BDE99nonMR,TC,BDE99nonMR,BDE99_93,79,79,1.2,1.2
1030,36,BDE99nonMR,TC,BDE99nonMR,BDE99_94,80,80,1.2,1.2
1031,36,BDE99nonMR,TC,BDE99nonMR,BDE99_95,81,81,1.2,1.2
1032,36,BDE99nonMR,TC,BDE99nonMR,BDE99_96,82,82,1.2,1.2
1033,36,BDE99nonMR,TC,BDE99nonMR,BDE99_99,83,83,1.2,1.2
1034,37,BSR36,TC,BSR36,BSR36_1,1,1,8,8
1035,37,BSR36,TC,BSR36,BSR36_2,2,2,8,8
1036,37,BSR36,TC,BSR36,BSR36_3,3,3,8,8
1037,37,BSR36,TC,BSR36,BSR36_4,4,4,8,8
1038,37,BSR36,TC,BSR36,BSR36_5,5,5,8,8
1039,37,BSR36,TC,BSR36,BSR36_6,6,6,8,8
1040,37,BSR36,TC,BSR36,BSR36_7,7,7,8,8
1041,37,BSR36,TC,BSR36,BSR36_8,8,8,8,8
1042,37,BSR36,TC,BSR36,BSR36_9,9,9,8,8
1043,37,BSR36,TC,BSR36,BSR36_10,10,10,8,8
1044,37,BSR36,TC,BSR36,BSR36_11,11,11,8,8
1045,37,BSR36,TC,BSR36,BSR36_12,12,12,8,8
1046,37,BSR36,TC,BSR36,BSR36_13,13,13,8,8
1047,37,BSR36,TC,BSR36,BSR36_14,14,14,8,8
1048,37,BSR36,TC,BSR36,BSR36_15,15,15,8,8
1049,37,BSR36,TC,BSR36,BSR36_16,16,16,8,8
1050,37,BSR36,TC,BSR36,BSR36_17,17,17,8,8
1051,37,BSR36,TC,BSR36,BSR36_18,18,18,8,8
1052,37,BSR36,TC,BSR36,BSR36_19,19,19,8,8
1053,37,BSR36,TC,BSR36,BSR36_20,20,20,8,8
1054,37,BSR36,TC,BSR36,BSR36_21,21,21,8,8
1055,37,BSR36,TC,BSR36,BSR36_22,22,22,8,8
1056,37,BSR36,TC,BSR36,BSR36_23,23,23,8,8
1057,37,BSR36,TC,BSR36,BSR36_24,24,24,8,8
1058,37,BSR36,TC,BSR36,BSR36_25,25,25,8,8
1059,37,BSR36,TC,BSR36,BSR36_26,26,26,8,8
1060,37,BSR36,TC,BSR36,BSR36_27,27,27,8,8
1061,37,BSR36,TC,BSR36,BSR36_28,28,28,8,8
1062,37,BSR36,TC,BSR36,BSR36_29,29,29,8,8
1063,37,BSR36,TC,BSR36,BSR36_30,30,30,8,8
1064,37,BSR36,TC,BSR36,BSR36_31,31,31,8,8
1065,37,BSR36,TC,BSR36,BSR36_32,32,32,8,8
1066,37,BSR36,TC,BSR36,BSR36_33,33,33,8,8
1067,37,BSR36,TC,BSR36,BSR36_34,34,34,8,8
1068,37,BSR36,TC,BSR36,BSR36_35,35,35,8,8
1069,37,BSR36,TC,BSR36,BSR36_36,36,36,8,8
1070,38,CR20,TC,CR20,CR20_1,1,1,15,15
1071,38,CR20,TC,CR20,CR20_2,2,2,15,15
1072,38,CR20,TC,CR20,CR20_3,3,3,15,15
1073,38,CR20,TC,CR20,CR20_4,4,4,15,15
1074,38,CR20,TC,CR20,CR20_5,5,5,15,15
1075,38,CR20,TC,CR20,CR20_6,6,6,15,15
1076,38,CR20,TC,CR20,CR20_7,7,7,15,15
1077,38,CR20,TC,CR20,CR20_8,8,8,15,15
1078,38,CR20,TC,CR20,CR20_9,9,9,15,15
1079,38,CR20,TC,CR20,CR20_10,10,10,15,15
1080,38,CR20,TC,CR20,CR20_11,11,11,15,15
1081,38,CR20,TC,CR20,CR20_12,12,12,15,15
1082,38,CR20,TC,CR20,CR20_13,13,13,15,15
1083,38,CR20,TC,CR20,CR20_14,14,14,15,15
1084,38,CR20,TC,CR20,CR20_15,15,15,15,15
1085,38,CR20,TC,CR20,CR20_16,16,16,15,15
1086,38,CR20,TC,CR20,CR20_17,17,17,15,15
1087,38,CR20,TC,CR20,CR20_18,18,18,15,15
1088,38,CR20,TC,CR20,CR20_19,19,19,15,15
1089,38,CR20,TC,CR20,CR20_20,20,20,15,15
1090,39,DIPCS9,TC,DIPCS9,DIPCS10_1,1,1,0.6,0.59999999999999998
1091,39,DIPCS9,TC,DIPCS9,DIPCS10_2,2,2,0.6,0.59999999999999998
1092,39,DIPCS9,TC,DIPCS9,DIPCS10_3,3,3,0.6,0.59999999999999998
1093,39,DIPCS9,TC,DIPCS9,DIPCS10_4,4,4,0.6,0.59999999999999998
1094,39,DIPCS9,TC,DIPCS9,DIPCS10_5,5,5,0.6,0.59999999999999998
1095,39,DIPCS9,TC,DIPCS9,DIPCS10_6,6,6,0.6,0.59999999999999998
1096,39,DIPCS9,TC,DIPCS9,DIPCS10_8,7,7,0.6,0.59999999999999998
1097,39,DIPCS9,TC,DIPCS9,DIPCS10_9,8,8,0.6,0.59999999999999998
1098,39,DIPCS9,TC,DIPCS9,DIPCS10_10,9,9,0.6,0.59999999999999998
1099,40,G21EA,TC,G21EA,G21EA_1,1,1,9,9
1100,40,G21EA,TC,G21EA,G21EA_2,2,2,9,9
1101,40,G21EA,TC,G21EA,G21EA_3,3,3,9,9
1102,40,G21EA,TC,G21EA,G21EA_4,4,4,9,9
1103,40,G21EA,TC,G21EA,G21EA_5,5,5,9,9
1104,40,G21EA,TC,G21EA,G21EA_6,6,6,9,9
1105,40,G21EA,TC,G21EA,G21EA_7,7,7,9,9
1106,40,G21EA,TC,G21EA,G21EA_8,8,8,9,9
1107,40,G21EA,TC,G21EA,G21EA_9,9,9,9,9
1108,40,G21EA,TC,G21EA,G21EA_10,10,10,9,9
1109,40,G21EA,TC,G21EA,G21EA_11,11,11,9,9
1110,40,G21EA,TC,G21EA,G21EA_12,12,12,9,9
1111,40,G21EA,TC,G21EA,G21EA_13,13,13,9,9
1112,40,G21EA,TC,G21EA,G21EA_14,14,14,9,9
1113,40,G21EA,TC,G21EA,G21EA_15,15,15,9,9
1114,40,G21EA,TC,G21EA,G21EA_16,16,16,9,9
1115,40,G21EA,TC,G21EA,G21EA_17,17,17,9,9
1116,40,G21EA,TC,G21EA,G21EA_18,18,18,9,9
1117,40,G21EA,TC,G21EA,G21EA_19,19,19,9,9
1118,40,G21EA,TC,G21EA,G21EA_20,20,20,9,9
1119,40,G21EA,TC,G21EA,G21EA_21,21,21,9,9
1120,40,G21EA,TC,G21EA,G21EA_22,22,22,9,9
1121,40,G21EA,TC,G21EA,G21EA_23,23,23,9,9
1122,40,G21EA,TC,G21EA,G21EA_24,24,24,9,9
1123,40,G21EA,TC,G21EA,G21EA_25,25,25,9,9
1124,41,G21IP,TC,G21IP,G21IP_1,1,1,1.4,1.3999999999999999
1125,41,G21IP,TC,G21IP,G21IP_2,2,2,1.4,1.3999999999999999
1126,41,G21IP,TC,G21IP,G21IP_3,3,3,1.4,1.3999999999999999
1127,41,G21IP,TC,G21IP,G21IP_4,4,4,1.4,1.3999999999999999
1128,41,G21IP,TC,G21IP,G21IP_5,5,5,1.4,1.3999999999999999
1129,41,G21IP,TC,G21IP,G21IP_6,6,6,1.4,1.3999999999999999
1130,41,G21IP,TC,G21IP,G21IP_7,7,7,1.4,1.3999999999999999
1131,41,G21IP,TC,G21IP,G21IP_8,8,8,1.4,1.3999999999999999
1132,41,G21IP,TC,G21IP,G21IP_9,9,9,1.4,1.3999999999999999
1133,41,G21IP,TC,G21IP,G21IP_10,10,10,1.4,1.3999999999999999
1134,41,G21IP,TC,G21IP,G21IP_11,11,11,1.4,1.3999999999999999
1135,41,G21IP,TC,G21IP,G21IP_12,12,12,1.4,1.3999999999999999
1136,41,G21IP,TC,G21IP,G21IP_13,13,13,1.4,1.3999999999999999
1137,41,G21IP,TC,G21IP,G21IP_14,14,14,1.4,1.3999999999999999
1138,41,G21IP,TC,G21IP,G21IP_15,15,15,1.4,1.3999999999999999
1139,41,G21IP,TC,G21IP,G21IP_16,16,16,1.4,1.3999999999999999
1140,41,G21IP,TC,G21IP,G21IP_17,17,17,1.4,1.3999999999999999
1141,41,G21IP,TC,G21IP,G21IP_18,18,18,1.4,1.3999999999999999
1142,41,G21IP,TC,G21IP,G21IP_19,19,19,1.4,1.3999999999999999
1143,41,G21IP,TC,G21IP,G21IP_20,20,20,1.4,1.3999999999999999
1144,41,G21IP,TC,G21IP,G21IP_21,21,21,1.4,1.3999999999999999
1145,41,G21IP,TC,G21IP,G21IP_22,22,22,1.4,1.3999999999999999
1146,41,G21IP,TC,G21IP,G21IP_23,23,23,1.4,1.3999999999999999
1147,41,G21IP,TC,G21IP,G21IP_24,24,24,1.4,1.3999999999999999
1148,41,G21IP,TC,G21IP,G21IP_25,25,25,1.4,1.3999999999999999
1149,41,G21IP,TC,G21IP,G21IP_26,26,26,1.4,1.3999999999999999
1150,41,G21IP,TC,G21IP,G21IP_27,27,27,1.4,1.3999999999999999
1151,41,G21IP,TC,G21IP,G21IP_28,28,28,1.4,1.3999999999999999
1152,41,G21IP,TC,G21IP,G21IP_29,29,29,1.4,1.3999999999999999
1153,41,G21IP,TC,G21IP,G21IP_30,30,30,1.4,1.3999999999999999
1154,41,G21IP,TC,G21IP,G21IP_31,31,31,1.4,1.3999999999999999
1155,41,G21IP,TC,G21IP,G21IP_32,32,32,1.4,1.3999999999999999
1156,41,G21IP,TC,G21IP,G21IP_33,33,33,1.4,1.3999999999999999
1157,41,G21IP,TC,G21IP,G21IP_34,34,34,1.4,1.3999999999999999
1158,41,G21IP,TC,G21IP,G21IP_35,35,35,1.4,1.3999999999999999
1159,41,G21IP,TC,G21IP,G21IP_36,36,36,1.4,1.3999999999999999
1160,42,HEAVYSB11,TC,HEAVYSB11,HEAVYSB11_1,1,1,0.8,0.80000000000000004
1161,42,HEAVYSB11,TC,HEAVYSB11,HEAVYSB11_2,2,2,0.8,0.80000000000000004
1162,42,HEAVYSB11,TC,HEAVYSB11,HEAVYSB11_3,3,3,0.8,0.80000000000000004
1163,42,HEAVYSB11,TC,HEAVYSB11,HEAVYSB11_4,4,4,0.8,0.80000000000000004
1164,42,HEAVYSB11,TC,HEAVYSB11,HEAVYSB11_5,5,5,0.8,0.80000000000000004
1165,42,HEAVYSB11,TC,HEAVYSB11,HEAVYSB11_6,6,6,0.8,0.80000000000000004
1166,42,HEAVYSB11,TC,HEAVYSB11,HEAVYSB11_7,7,7,0.8,0.80000000000000004
1167,42,HEAVYSB11,TC,HEAVYSB11,HEAVYSB11_8,8,8,0.8,0.80000000000000004
1168,42,HEAVYSB11,TC,HEAVYSB11,HEAVYSB11_9,9,9,0.8,0.80000000000000004
1169,42,HEAVYSB11,TC,HEAVYSB11,HEAVYSB11_10,10,10,0.8,0.80000000000000004
1170,42,HEAVYSB11,TC,HEAVYSB11,HEAVYSB11_11,11,11,0.8,0.80000000000000004
1171,43,RSE43,TC,RSE43,RSE43_1,1,1,2,2
1172,43,RSE43,TC,RSE43,RSE43_2,2,2,2,2
1173,43,RSE43,TC,RSE43,RSE43_3,3,3,2,2
1174,43,RSE43,TC,RSE43,RSE43_4,4,4,2,2
1175,43,RSE43,TC,RSE43,RSE43_5,5,5,2,2
1176,43,RSE43,TC,RSE43,RSE43_6,6,6,2,2
1177,43,RSE43,TC,RSE43,RSE43_7,7,7,2,2
1178,43,RSE43,TC,RSE43,RSE43_8,8,8,2,2
1179,43,RSE43,TC,RSE43,RSE43_9,9,9,2,2
1180,43,RSE43,TC,RSE43,RSE43_10,10,10,2,2
1181,43,RSE43,TC,RSE43,RSE43_11,11,11,2,2
1182,43,RSE43,TC,RSE43,RSE43_12,12,12,2,2
1183,43,RSE43,TC,RSE43,RSE43_13,13,13,2,2
1184,43,RSE43,TC,RSE43,RSE43_14,14,14,2,2
1185,43,RSE43,TC,RSE43,RSE43_15,15,15,2,2
1186,43,RSE43,TC,RSE43,RSE43_16,16,16,2,2
1187,43,RSE43,TC,RSE43,RSE43_17,17,17,2,2
1188,43,RSE43,TC,RSE43,RSE43_18,18,18,2,2
1189,43,RSE43,TC,RSE43,RSE43_19,19,19,2,2
1190,43,RSE43,TC,RSE43,RSE43_20,20,20,2,2
1191,43,RSE43,TC,RSE43,RSE43_21,21,21,2,2
1192,43,RSE43,TC,RSE43,RSE43_22,22,22,2,2
1193,43,RSE43,TC,RSE43,RSE43_23,23,23,2,2
1194,43,RSE43,TC,RSE43,RSE43_24,24,24,2,2
1195,43,RSE43,TC,RSE43,RSE43_25,25,25,2,2
1196,43,RSE43,TC,RSE43,RSE43_26,26,26,2,2
1197,43,RSE43,TC,RSE43,RSE43_27,27,27,2,2
1198,43,RSE43,TC,RSE43,RSE43_28,28,28,2,2
1199,43,RSE43,TC,RSE43,RSE43_29,29,29,2,2
1200,43,RSE43,TC,RSE43,RSE43_30,30,30,2,2
1201,43,RSE43,TC,RSE43,RSE43_31,31,31,2,2
1202,43,RSE43,TC,RSE43,RSE43_32,32,32,2,2
1203,43,RSE43,TC,RSE43,RSE43_33,33,33,2,2
1204,43,RSE43,TC,RSE43,RSE43_34,34,34,2,2
1205,43,RSE43,TC,RSE43,RSE43_35,35,35,2,2
1206,43,RSE43,TC,RSE43,RSE43_36,36,36,2,2
1207,43,RSE43,TC,RSE43,RSE43_37,37,37,2,2
1208,43,RSE43,TC,RSE43,RSE43_38,38,38,2,2
1209,43,RSE43,TC,RSE43,RSE43_39,39,39,2,2
1210,43,RSE43,TC,RSE43,RSE43_40,40,40,2,2
1211,43,RSE43,TC,RSE43,RSE43_41,41,41,2,2
1212,43,RSE43,TC,RSE43,RSE43_42,42,42,2,2
1213,43,RSE43,TC,RSE43,RSE43_43,43,43,2,2
1214,44,TAE_W4-17nonMR,TC,TAE_W4-17nonMR,TAE_W4-17_1,1,1,0.8,0.80000000000000004
1215,44,TAE_W4-17nonMR,TC,TAE_W4-17nonMR,TAE_W4-17_2,2,2,0.8,0.80000000000000004
1216,44,TAE_W4-17nonMR,TC,TAE_W4-17nonMR,TAE_W4-17_3,3,3,0.8,0.80000000000000004
1217,44,TAE_W4-17nonMR,TC,TAE_W4-17nonMR,TAE_W4-17_4,4,4,0.8,0.80000000000000004
1218,44,TAE_W4-17nonMR,TC,TAE_W4-17nonMR,TAE_W4-17_5,5,5,0.8,0.80000000000000004
1219,44,TAE_W4-17nonMR,TC,TAE_W4-17nonMR,TAE_W4-17_6,6,6,0.8,0.80000000000000004
1220,44,TAE_W4-17nonMR,TC,TAE_W4-17nonMR,TAE_W4-17_7,7,7,0.8,0.80000000000000004
1221,44,TAE_W4-17nonMR,TC,TAE_W4-17nonMR,TAE_W4-17_8,8,8,0.8,0.80000000000000004
1222,44,TAE_W4-17nonMR,TC,TAE_W4-17nonMR,TAE_W4-17_9,9,9,0.8,0.80000000000000004
1223,44,TAE_W4-17nonMR,TC,TAE_W4-17nonMR,TAE_W4-17_10,10,10,0.8,0.80000000000000004
1224,44,TAE_W4-17nonMR,TC,TAE_W4-17nonMR,TAE_W4-17_12,11,11,0.8,0.80000000000000004
1225,44,TAE_W4-17nonMR,TC,TAE_W4-17nonMR,TAE_W4-17_13,12,12,0.8,0.80000000000000004
1226,44,TAE_W4-17nonMR,TC,TAE_W4-17nonMR,TAE_W4-17_14,13,13,0.8,0.80000000000000004
1227,44,TAE_W4-17nonMR,TC,TAE_W4-17nonMR,TAE_W4-17_15,14,14,0.8,0.80000000000000004
1228,44,TAE_W4-17nonMR,TC,TAE_W4-17nonMR,TAE_W4-17_16,15,15,0.8,0.80000000000000004
1229,44,TAE_W4-17nonMR,TC,TAE_W4-17nonMR,TAE_W4-17_17,16,16,0.8,0.80000000000000004
1230,44,TAE_W4-17nonMR,TC,TAE_W4-17nonMR,TAE_W4-17_18,17,17,0.8,0.80000000000000004
1231,44,TAE_W4-17nonMR,TC,TAE_W4-17nonMR,TAE_W4-17_19,18,18,0.8,0.80000000000000004
1232,44,TAE_W4-17nonMR,TC,TAE_W4-17nonMR,TAE_W4-17_21,19,19,0.8,0.80000000000000004
1233,44,TAE_W4-17nonMR,TC,TAE_W4-17nonMR,TAE_W4-17_22,20,20,0.8,0.80000000000000004
1234,44,TAE_W4-17nonMR,TC,TAE_W4-17nonMR,TAE_W4-17_23,21,21,0.8,0.80000000000000004
1235,44,TAE_W4-17nonMR,TC,TAE_W4-17nonMR,TAE_W4-17_24,22,22,0.8,0.80000000000000004
1236,44,TAE_W4-17nonMR,TC,TAE_W4-17nonMR,TAE_W4-17_25,23,23,0.8,0.80000000000000004
1237,44,TAE_W4-17nonMR,TC,TAE_W4-17nonMR,TAE_W4-17_26,24,24,0.8,0.80000000000000004
1238,44,TAE_W4-17nonMR,TC,TAE_W4-17nonMR,TAE_W4-17_28,25,25,0.8,0.80000000000000004
1239,44,TAE_W4-17nonMR,TC,TAE_W4-17nonMR,TAE_W4-17_29,26,26,0.8,0.80000000000000004
1240,44,TAE_W4-17nonMR,TC,TAE_W4-17nonMR,TAE_W4-17_30,27,27,0.8,0.80000000000000004
1241,44,TAE_W4-17nonMR,TC,TAE_W4-17nonMR,TAE_W4-17_31,28,28,0.8,0.80000000000000004
1242,44,TAE_W4-17nonMR,TC,TAE_W4-17nonMR,TAE_W4-17_32,29,29,0.8,0.80000000000000004
1243,44,TAE_W4-17nonMR,TC,TAE_W4-17nonMR,TAE_W4-17_33,30,30,0.8,0.80000000000000004
1244,44,TAE_W4-17nonMR,TC,TAE_W4-17nonMR,TAE_W4-17_34,31,31,0.8,0.80000000000000004
1245,44,TAE_W4-17nonMR,TC,TAE_W4-17nonMR,TAE_W4-17_35,32,32,0.8,0.80000000000000004
1246,44,TAE_W4-17nonMR,TC,TAE_W4-17nonMR,TAE_W4-17_36,33,33,0.8,0.80000000000000004
1247,44,TAE_W4-17nonMR,TC,TAE_W4-17nonMR,TAE_W4-17_37,34,34,0.8,0.80000000000000004
1248,44,TAE_W4-17nonMR,TC,TAE_W4-17nonMR,TAE_W4-17_38,35,35,0.8,0.80000000000000004
1249,44,TAE_W4-17nonMR,TC,TAE_W4-17nonMR,TAE_W4-17_39,36,36,0.8,0.80000000000000004
1250,44,TAE_W4-17nonMR,TC,TAE_W4-17nonMR,TAE_W4-17_40,37,37,0.8,0.80000000000000004
1251,44,TAE_W4-17nonMR,TC,TAE_W4-17nonMR,TAE_W4-17_41,38,38,0.8,0.80000000000000004
1252,44,TAE_W4-17nonMR,TC,TAE_W4-17nonMR,TAE_W4-17_42,39,39,0.8,0.80000000000000004
1253,44,TAE_W4-17nonMR,TC,TAE_W4-17nonMR,TAE_W4-17_43,40,40,0.8,0.80000000000000004
1254,44,TAE_W4-17nonMR,TC,TAE_W4-17nonMR,TAE_W4-17_44,41,41,0.8,0.80000000000000004
1255,44,TAE_W4-17nonMR,TC,TAE_W4-17nonMR,TAE_W4-17_45,42,42,0.8,0.80000000000000004
1256,44,TAE_W4-17nonMR,TC,TAE_W4-17nonMR,TAE_W4-17_46,43,43,0.8,0.80000000000000004
1257,44,TAE_W4-17nonMR,TC,TAE_W4-17nonMR,TAE_W4-17_47,44,44,0.8,0.80000000000000004
1258,44,TAE_W4-17nonMR,TC,TAE_W4-17nonMR,TAE_W4-17_48,45,45,0.8,0.80000000000000004
1259,44,TAE_W4-17nonMR,TC,TAE_W4-17nonMR,TAE_W4-17_49,46,46,0.8,0.80000000000000004
1260,44,TAE_W4-17nonMR,TC,TAE_W4-17nonMR,TAE_W4-17_50,47,47,0.8,0.80000000000000004
1261,44,TAE_W4-17nonMR,TC,TAE_W4-17nonMR,TAE_W4-17_51,48,48,0.8,0.80000000000000004
1262,44,TAE_W4-17nonMR,TC,TAE_W4-17nonMR,TAE_W4-17_52,49,49,0.8,0.80000000000000004
1263,44,TAE_W4-17nonMR,TC,TAE_W4-17nonMR,TAE_W4-17_53,50,50,0.8,0.80000000000000004
1264,44,TAE_W4-17nonMR,TC,TAE_W4-17nonMR,TAE_W4-17_54,51,51,0.8,0.80000000000000004
1265,44,TAE_W4-17nonMR,TC,TAE_W4-17nonMR,TAE_W4-17_55,52,52,0.8,0.80000000000000004
1266,44,TAE_W4-17nonMR,TC,TAE_W4-17nonMR,TAE_W4-17_56,53,53,0.8,0.80000000000000004
1267,44,TAE_W4-17nonMR,TC,TAE_W4-17nonMR,TAE_W4-17_57,54,54,0.8,0.80000000000000004
1268,44,TAE_W4-17nonMR,TC,TAE_W4-17nonMR,TAE_W4-17_58,55,55,0.8,0.80000000000000004
1269,44,TAE_W4-17nonMR,TC,TAE_W4-17nonMR,TAE_W4-17_59,56,56,0.8,0.80000000000000004
1270,44,TAE_W4-17nonMR,TC,TAE_W4-17nonMR,TAE_W4-17_60,57,57,0.8,0.80000000000000004
1271,44,TAE_W4-17nonMR,TC,TAE_W4-17nonMR,TAE_W4-17_61,58,58,0.8,0.80000000000000004
1272,44,TAE_W4-17nonMR,TC,TAE_W4-17nonMR,TAE_W4-17_62,59,59,0.8,0.80000000000000004
1273,44,TAE_W4-17nonMR,TC,TAE_W4-17nonMR,TAE_W4-17_63,60,60,0.8,0.80000000000000004
1274,44,TAE_W4-17nonMR,TC,TAE_W4-17nonMR,TAE_W4-17_64,61,61,0.8,0.80000000000000004
1275,44,TAE_W4-17nonMR,TC,TAE_W4-17nonMR,TAE_W4-17_65,62,62,0.8,0.80000000000000004
1276,44,TAE_W4-17nonMR,TC,TAE_W4-17nonMR,TAE_W4-17_66,63,63,0.8,0.80000000000000004
1277,44,TAE_W4-17nonMR,TC,TAE_W4-17nonMR,TAE_W4-17_67,64,64,0.8,0.80000000000000004
1278,44,TAE_W4-17nonMR,TC,TAE_W4-17nonMR,TAE_W4-17_68,65,65,0.8,0.80000000000000004
1279,44,TAE_W4-17nonMR,TC,TAE_W4-17nonMR,TAE_W4-17_69,66,66,0.8,0.80000000000000004
1280,44,TAE_W4-17nonMR,TC,TAE_W4-17nonMR,TAE_W4-17_71,67,67,0.8,0.80000000000000004
1281,44,TAE_W4-17nonMR,TC,TAE_W4-17nonMR,TAE_W4-17_72,68,68,0.8,0.80000000000000004
1282,44,TAE_W4-17nonMR,TC,TAE_W4-17nonMR,TAE_W4-17_73,69,69,0.8,0.80000000000000004
1283,44,TAE_W4-17nonMR,TC,TAE_W4-17nonMR,TAE_W4-17_76,70,70,0.8,0.80000000000000004
1284,44,TAE_W4-17nonMR,TC,TAE_W4-17nonMR,TAE_W4-17_77,71,71,0.8,0.80000000000000004
1285,44,TAE_W4-17nonMR,TC,TAE_W4-17nonMR,TAE_W4-17_81,72,72,0.8,0.80000000000000004
1286,44,TAE_W4-17nonMR,TC,TAE_W4-17nonMR,TAE_W4-17_82,73,73,0.8,0.80000000000000004
1287,44,TAE_W4-17nonMR,TC,TAE_W4-17nonMR,TAE_W4-17_83,74,74,0.8,0.80000000000000004
1288,44,TAE_W4-17nonMR,TC,TAE_W4-17nonMR,TAE_W4-17_84,75,75,0.8,0.80000000000000004
1289,44,TAE_W4-17nonMR,TC,TAE_W4-17nonMR,TAE_W4-17_85,76,76,0.8,0.80000000000000004
1290,44,TAE_W4-17nonMR,TC,TAE_W4-17nonMR,TAE_W4-17_86,77,77,0.8,0.80000000000000004
1291,44,TAE_W4-17nonMR,TC,TAE_W4-17nonMR,TAE_W4-17_87,78,78,0.8,0.80000000000000004
1292,44,TAE_W4-17nonMR,TC,TAE_W4-17nonMR,TAE_W4-17_88,79,79,0.8,0.80000000000000004
1293,44,TAE_W4-17nonMR,TC,TAE_W4-17nonMR,TAE_W4-17_89,80,80,0.8,0.80000000000000004
1294,44,TAE_W4-17nonMR,TC,TAE_W4-17nonMR,TAE_W4-17_90,81,81,0.8,0.80000000000000004
1295,44,TAE_W4-17nonMR,TC,TAE_W4-17nonMR,TAE_W4-17_91,82,82,0.8,0.80000000000000004
1296,44,TAE_W4-17nonMR,TC,TAE_W4-17nonMR,TAE_W4-17_92,83,83,0.8,0.80000000000000004
1297,44,TAE_W4-17nonMR,TC,TAE_W4-17nonMR,TAE_W4-17_93,84,84,0.8,0.80000000000000004
1298,44,TAE_W4-17nonMR,TC,TAE_W4-17nonMR,TAE_W4-17_94,85,85,0.8,0.80000000000000004
1299,44,TAE_W4-17nonMR,TC,TAE_W4-17nonMR,TAE_W4-17_95,86,86,0.8,0.80000000000000004
1300,44,TAE_W4-17nonMR,TC,TAE_W4-17nonMR,TAE_W4-17_96,87,87,0.8,0.80000000000000004
1301,44,TAE_W4-17nonMR,TC,TAE_W4-17nonMR,TAE_W4-17_97,88,88,0.8,0.80000000000000004
1302,44,TAE_W4-17nonMR,TC,TAE_W4-17nonMR,TAE_W4-17_98,89,89,0.8,0.80000000000000004
1303,44,TAE_W4-17nonMR,TC,TAE_W4-17nonMR,TAE_W4-17_99,90,90,0.8,0.80000000000000004
1304,44,TAE_W4-17nonMR,TC,TAE_W4-17nonMR,TAE_W4-17_101,91,91,0.8,0.80000000000000004
1305,44,TAE_W4-17nonMR,TC,TAE_W4-17nonMR,TAE_W4-17_102,92,92,0.8,0.80000000000000004
1306,44,TAE_W4-17nonMR,TC,TAE_W4-17nonMR,TAE_W4-17_105,93,93,0.8,0.80000000000000004
1307,44,TAE_W4-17nonMR,TC,TAE_W4-17nonMR,TAE_W4-17_106,94,94,0.8,0.80000000000000004
1308,44,TAE_W4-17nonMR,TC,TAE_W4-17nonMR,TAE_W4-17_107,95,95,0.8,0.80000000000000004
1309,44,TAE_W4-17nonMR,TC,TAE_W4-17nonMR,TAE_W4-17_108,96,96,0.8,0.80000000000000004
1310,44,TAE_W4-17nonMR,TC,TAE_W4-17nonMR,TAE_W4-17_109,97,97,0.8,0.80000000000000004
1311,44,TAE_W4-17nonMR,TC,TAE_W4-17nonMR,TAE_W4-17_110,98,98,0.8,0.80000000000000004
1312,44,TAE_W4-17nonMR,TC,TAE_W4-17nonMR,TAE_W4-17_111,99,99,0.8,0.80000000000000004
1313,44,TAE_W4-17nonMR,TC,TAE_W4-17nonMR,TAE_W4-17_112,100,100,0.8,0.80000000000000004
1314,44,TAE_W4-17nonMR,TC,TAE_W4-17nonMR,TAE_W4-17_113,101,101,0.8,0.80000000000000004
1315,44,TAE_W4-17nonMR,TC,TAE_W4-17nonMR,TAE_W4-17_114,102,102,0.8,0.80000000000000004
1316,44,TAE_W4-17nonMR,TC,TAE_W4-17nonMR,TAE_W4-17_115,103,103,0.8,0.80000000000000004
1317,44,TAE_W4-17nonMR,TC,TAE_W4-17nonMR,TAE_W4-17_116,104,104,0.8,0.80000000000000004
1318,44,TAE_W4-17nonMR,TC,TAE_W4-17nonMR,TAE_W4-17_117,105,105,0.8,0.80000000000000004
1319,44,TAE_W4-17nonMR,TC,TAE_W4-17nonMR,TAE_W4-17_118,106,106,0.8,0.80000000000000004
1320,44,TAE_W4-17nonMR,TC,TAE_W4-17nonMR,TAE_W4-17_119,107,107,0.8,0.80000000000000004
1321,44,TAE_W4-17nonMR,TC,TAE_W4-17nonMR,TAE_W4-17_120,108,108,0.8,0.80000000000000004
1322,44,TAE_W4-17nonMR,TC,TAE_W4-17nonMR,TAE_W4-17_121,109,109,0.8,0.80000000000000004
1323,44,TAE_W4-17nonMR,TC,TAE_W4-17nonMR,TAE_W4-17_122,110,110,0.8,0.80000000000000004
1324,44,TAE_W4-17nonMR,TC,TAE_W4-17nonMR,TAE_W4-17_123,111,111,0.8,0.80000000000000004
1325,44,TAE_W4-17nonMR,TC,TAE_W4-17nonMR,TAE_W4-17_124,112,112,0.8,0.80000000000000004
1326,44,TAE_W4-17nonMR,TC,TAE_W4-17nonMR,TAE_W4-17_125,113,113,0.8,0.80000000000000004
1327,44,TAE_W4-17nonMR,TC,TAE_W4-17nonMR,TAE_W4-17_126,114,114,0.8,0.80000000000000004
1328,44,TAE_W4-17nonMR,TC,TAE_W4-17nonMR,TAE_W4-17_127,115,115,0.8,0.80000000000000004
1329,44,TAE_W4-17nonMR,TC,TAE_W4-17nonMR,TAE_W4-17_128,116,116,0.8,0.80000000000000004
1330,44,TAE_W4-17nonMR,TC,TAE_W4-17nonMR,TAE_W4-17_129,117,117,0.8,0.80000000000000004
1331,44,TAE_W4-17nonMR,TC,TAE_W4-17nonMR,TAE_W4-17_130,118,118,0.8,0.80000000000000004
1332,44,TAE_W4-17nonMR,TC,TAE_W4-17nonMR,TAE_W4-17_131,119,119,0.8,0.80000000000000004
1333,44,TAE_W4-17nonMR,TC,TAE_W4-17nonMR,TAE_W4-17_132,120,120,0.8,0.80000000000000004
1334,44,TAE_W4-17nonMR,TC,TAE_W4-17nonMR,TAE_W4-17_133,121,121,0.8,0.80000000000000004
1335,44,TAE_W4-17nonMR,TC,TAE_W4-17nonMR,TAE_W4-17_134,122,122,0.8,0.80000000000000004
1336,44,TAE_W4-17nonMR,TC,TAE_W4-17nonMR,TAE_W4-17_135,123,123,0.8,0.80000000000000004
1337,44,TAE_W4-17nonMR,TC,TAE_W4-17nonMR,TAE_W4-17_136,124,124,0.8,0.80000000000000004
1338,44,TAE_W4-17nonMR,TC,TAE_W4-17nonMR,TAE_W4-17_137,125,125,0.8,0.80000000000000004
1339,44,TAE_W4-17nonMR,TC,TAE_W4-17nonMR,TAE_W4-17_138,126,126,0.8,0.80000000000000004
1340,44,TAE_W4-17nonMR,TC,TAE_W4-17nonMR,TAE_W4-17_139,127,127,0.8,0.80000000000000004
1341,44,TAE_W4-17nonMR,TC,TAE_W4-17nonMR,TAE_W4-17_140,128,128,0.8,0.80000000000000004
1342,44,TAE_W4-17nonMR,TC,TAE_W4-17nonMR,TAE_W4-17_141,129,129,0.8,0.80000000000000004
1343,44,TAE_W4-17nonMR,TC,TAE_W4-17nonMR,TAE_W4-17_142,130,130,0.8,0.80000000000000004
1344,44,TAE_W4-17nonMR,TC,TAE_W4-17nonMR,TAE_W4-17_143,131,131,0.8,0.80000000000000004
1345,44,TAE_W4-17nonMR,TC,TAE_W4-17nonMR,TAE_W4-17_144,132,132,0.8,0.80000000000000004
1346,44,TAE_W4-17nonMR,TC,TAE_W4-17nonMR,TAE_W4-17_145,133,133,0.8,0.80000000000000004
1347,44,TAE_W4-17nonMR,TC,TAE_W4-17nonMR,TAE_W4-17_146,134,134,0.8,0.80000000000000004
1348,44,TAE_W4-17nonMR,TC,TAE_W4-17nonMR,TAE_W4-17_147,135,135,0.8,0.80000000000000004
1349,44,TAE_W4-17nonMR,TC,TAE_W4-17nonMR,TAE_W4-17_148,136,136,0.8,0.80000000000000004
1350,44,TAE_W4-17nonMR,TC,TAE_W4-17nonMR,TAE_W4-17_149,137,137,0.8,0.80000000000000004
1351,44,TAE_W4-17nonMR,TC,TAE_W4-17nonMR,TAE_W4-17_150,138,138,0.8,0.80000000000000004
1352,44,TAE_W4-17nonMR,TC,TAE_W4-17nonMR,TAE_W4-17_151,139,139,0.8,0.80000000000000004
1353,44,TAE_W4-17nonMR,TC,TAE_W4-17nonMR,TAE_W4-17_152,140,140,0.8,0.80000000000000004
1354,44,TAE_W4-17nonMR,TC,TAE_W4-17nonMR,TAE_W4-17_153,141,141,0.8,0.80000000000000004
1355,44,TAE_W4-17nonMR,TC,TAE_W4-17nonMR,TAE_W4-17_154,142,142,0.8,0.80000000000000004
1356,44,TAE_W4-17nonMR,TC,TAE_W4-17nonMR,TAE_W4-17_155,143,143,0.8,0.80000000000000004
1357,44,TAE_W4-17nonMR,TC,TAE_W4-17nonMR,TAE_W4-17_156,144,144,0.8,0.80000000000000004
1358,44,TAE_W4-17nonMR,TC,TAE_W4-17nonMR,TAE_W4-17_157,145,145,0.8,0.80000000000000004
1359,44,TAE_W4-17nonMR,TC,TAE_W4-17nonMR,TAE_W4-17_160,146,146,0.8,0.80000000000000004
1360,44,TAE_W4-17nonMR,TC,TAE_W4-17nonMR,TAE_W4-17_162,147,147,0.8,0.80000000000000004
1361,44,TAE_W4-17nonMR,TC,TAE_W4-17nonMR,TAE_W4-17_163,148,148,0.8,0.80000000000000004
1362,44,TAE_W4-17nonMR,TC,TAE_W4-17nonMR,TAE_W4-17_164,149,149,0.8,0.80000000000000004
1363,44,TAE_W4-17nonMR,TC,TAE_W4-17nonMR,TAE_W4-17_165,150,150,0.8,0.80000000000000004
1364,44,TAE_W4-17nonMR,TC,TAE_W4-17nonMR,TAE_W4-17_166,151,151,0.8,0.80000000000000004
1365,44,TAE_W4-17nonMR,TC,TAE_W4-17nonMR,TAE_W4-17_167,152,152,0.8,0.80000000000000004
1366,44,TAE_W4-17nonMR,TC,TAE_W4-17nonMR,TAE_W4-17_168,153,153,0.8,0.80000000000000004
1367,44,TAE_W4-17nonMR,TC,TAE_W4-17nonMR,TAE_W4-17_169,154,154,0.8,0.80000000000000004
1368,44,TAE_W4-17nonMR,TC,TAE_W4-17nonMR,TAE_W4-17_170,155,155,0.8,0.80000000000000004
1369,44,TAE_W4-17nonMR,TC,TAE_W4-17nonMR,TAE_W4-17_171,156,156,0.8,0.80000000000000004
1370,44,TAE_W4-17nonMR,TC,TAE_W4-17nonMR,TAE_W4-17_172,157,157,0.8,0.80000000000000004
1371,44,TAE_W4-17nonMR,TC,TAE_W4-17nonMR,TAE_W4-17_173,158,158,0.8,0.80000000000000004
1372,44,TAE_W4-17nonMR,TC,TAE_W4-17nonMR,TAE_W4-17_174,159,159,0.8,0.80000000000000004
1373,44,TAE_W4-17nonMR,TC,TAE_W4-17nonMR,TAE_W4-17_175,160,160,0.8,0.80000000000000004
1374,44,TAE_W4-17nonMR,TC,TAE_W4-17nonMR,TAE_W4-17_176,161,161,0.8,0.80000000000000004
1375,44,TAE_W4-17nonMR,TC,TAE_W4-17nonMR,TAE_W4-17_177,162,162,0.8,0.80000000000000004
1376,44,TAE_W4-17nonMR,TC,TAE_W4-17nonMR,TAE_W4-17_180,163,163,0.8,0.80000000000000004
1377,44,TAE_W4-17nonMR,TC,TAE_W4-17nonMR,TAE_W4-17_181,164,164,0.8,0.80000000000000004
1378,44,TAE_W4-17nonMR,TC,TAE_W4-17nonMR,TAE_W4-17_182,165,165,0.8,0.80000000000000004
1379,44,TAE_W4-17nonMR,TC,TAE_W4-17nonMR,TAE_W4-17_183,166,166,0.8,0.80000000000000004
1380,44,TAE_W4-17nonMR,TC,TAE_W4-17nonMR,TAE_W4-17_184,167,167,0.8,0.80000000000000004
1381,44,TAE_W4-17nonMR,TC,TAE_W4-17nonMR,TAE_W4-17_185,168,168,0.8,0.80000000000000004
1382,44,TAE_W4-17nonMR,TC,TAE_W4-17nonMR,TAE_W4-17_186,169,169,0.8,0.80000000000000004
1383,44,TAE_W4-17nonMR,TC,TAE_W4-17nonMR,TAE_W4-17_187,170,170,0.8,0.80000000000000004
1384,44,TAE_W4-17nonMR,TC,TAE_W4-17nonMR,TAE_W4-17_188,171,171,0.8,0.80000000000000004
1385,44,TAE_W4-17nonMR,TC,TAE_W4-17nonMR,TAE_W4-17_189,172,172,0.8,0.80000000000000004
1386,44,TAE_W4-17nonMR,TC,TAE_W4-17nonMR,TAE_W4-17_190,173,173,0.8,0.80000000000000004
1387,44,TAE_W4-17nonMR,TC,TAE_W4-17nonMR,TAE_W4-17_191,174,174,0.8,0.80000000000000004
1388,44,TAE_W4-17nonMR,TC,TAE_W4-17nonMR,TAE_W4-17_192,175,175,0.8,0.80000000000000004
1389,44,TAE_W4-17nonMR,TC,TAE_W4-17nonMR,TAE_W4-17_193,176,176,0.8,0.80000000000000004
1390,44,TAE_W4-17nonMR,TC,TAE_W4-17nonMR,TAE_W4-17_194,177,177,0.8,0.80000000000000004
1391,44,TAE_W4-17nonMR,TC,TAE_W4-17nonMR,TAE_W4-17_195,178,178,0.8,0.80000000000000004
1392,44,TAE_W4-17nonMR,TC,TAE_W4-17nonMR,TAE_W4-17_196,179,179,0.8,0.80000000000000004
1393,44,TAE_W4-17nonMR,TC,TAE_W4-17nonMR,TAE_W4-17_197,180,180,0.8,0.80000000000000004
1394,44,TAE_W4-17nonMR,TC,TAE_W4-17nonMR,TAE_W4-17_198,181,181,0.8,0.80000000000000004
1395,44,TAE_W4-17nonMR,TC,TAE_W4-17nonMR,TAE_W4-17_199,182,182,0.8,0.80000000000000004
1396,44,TAE_W4-17nonMR,TC,TAE_W4-17nonMR,TAE_W4-17_200,183,183,0.8,0.80000000000000004
1397,45,3d4dIPSS,TM,3d4dIPSS,3d4dIPSS_1,1,1,1.5,1.5
1398,45,3d4dIPSS,TM,3d4dIPSS,3d4dIPSS_2,2,2,1.5,1.5
1399,45,3d4dIPSS,TM,3d4dIPSS,3d4dIPSS_3,3,3,1.5,1.5
1400,45,3d4dIPSS,TM,3d4dIPSS,3d4dIPSS_4,4,4,1.5,1.5
1401,45,3d4dIPSS,TM,3d4dIPSS,3d4dIPSS_5,5,5,1.5,1.5
1402,45,3d4dIPSS,TM,3d4dIPSS,3d4dIPSS_6,6,6,1.5,1.5
1403,45,3d4dIPSS,TM,3d4dIPSS,3d4dIPSS_7,7,7,1.5,1.5
1404,45,3d4dIPSS,TM,3d4dIPSS,3d4dIPSS_8,8,8,1.5,1.5
1405,45,3d4dIPSS,TM,3d4dIPSS,3d4dIPSS_9,9,9,1.5,1.5
1406,45,3d4dIPSS,TM,3d4dIPSS,3d4dIPSS_10,10,10,1.5,1.5
1407,45,3d4dIPSS,TM,3d4dIPSS,3d4dIPSS_11,11,11,1.5,1.5
1408,45,3d4dIPSS,TM,3d4dIPSS,3d4dIPSS_12,12,12,1.5,1.5
1409,45,3d4dIPSS,TM,3d4dIPSS,3d4dIPSS_13,13,13,1.5,1.5
1410,45,3d4dIPSS,TM,3d4dIPSS,3d4dIPSS_14,14,14,1.5,1.5
1411,45,3d4dIPSS,TM,3d4dIPSS,3d4dIPSS_15,15,15,1.5,1.5
1412,45,3d4dIPSS,TM,3d4dIPSS,3d4dIPSS_16,16,16,1.5,1.5
1413,45,3d4dIPSS,TM,3d4dIPSS,3d4dIPSS_17,17,17,1.5,1.5
1414,45,3d4dIPSS,TM,3d4dIPSS,3d4dIPSS_18,18,18,1.5,1.5
1415,45,3d4dIPSS,TM,3d4dIPSS,3d4dIPSS_19,19,19,1.5,1.5
1416,45,3d4dIPSS,TM,3d4dIPSS,3d4dIPSS_20,20,20,1.5,1.5
1417,45,3d4dIPSS,TM,3d4dIPSS,3d4dIPSS_21,21,21,1.5,1.5
1418,45,3d4dIPSS,TM,3d4dIPSS,3d4dIPSS_22,22,22,1.5,1.5
1419,45,3d4dIPSS,TM,3d4dIPSS,3d4dIPSS_23,23,23,1.5,1.5
1420,45,3d4dIPSS,TM,3d4dIPSS,3d4dIPSS_24,24,24,1.5,1.5
1421,45,3d4dIPSS,TM,3d4dIPSS,3d4dIPSS_26,25,25,1.5,1.5
1422,45,3d4dIPSS,TM,3d4dIPSS,3d4dIPSS_27,26,26,1.5,1.5
1423,45,3d4dIPSS,TM,3d4dIPSS,3d4dIPSS_28,27,27,1.5,1.5
1424,45,3d4dIPSS,TM,3d4dIPSS,3d4dIPSS_29,28,28,1.5,1.5
1425,45,3d4dIPSS,TM,3d4dIPSS,3d4dIPSS_30,29,29,1.5,1.5
1426,45,3d4dIPSS,TM,3d4dIPSS,3d4dIPSS_31,30,30,1.5,1.5
1427,45,3d4dIPSS,TM,3d4dIPSS,3d4dIPSS_32,31,31,1.5,1.5
1428,45,3d4dIPSS,TM,3d4dIPSS,3d4dIPSS_35,32,32,1.5,1.5
1429,46,CUAGAU83,TM,CUAGAU83,CUAGAU_1,1,1,1.5,1.5
1430,46,CUAGAU83,TM,CUAGAU83,CUAGAU_2,2,2,1.5,1.5
1431,46,CUAGAU83,TM,CUAGAU83,CUAGAU_3,3,3,1.5,1.5
1432,46,CUAGAU83,TM,CUAGAU83,CUAGAU_4,4,4,1.5,1.5
1433,46,CUAGAU83,TM,CUAGAU83,CUAGAU_5,5,5,1.5,1.5
1434,46,CUAGAU83,TM,CUAGAU83,CUAGAU_8,6,6,1.5,1.5
1435,46,CUAGAU83,TM,CUAGAU83,CUAGAU_9,7,7,1.5,1.5
1436,46,CUAGAU83,TM,CUAGAU83,CUAGAU_10,8,8,1.5,1.5
1437,46,CUAGAU83,TM,CUAGAU83,CUAGAU_11,9,9,1.5,1.5
1438,46,CUAGAU83,TM,CUAGAU83,CUAGAU_12,10,10,1.5,1.5
1439,46,CUAGAU83,TM,CUAGAU83,CUAGAU_13,11,11,1.5,1.5
1440,46,CUAGAU83,TM,CUAGAU83,CUAGAU_14,12,12,1.5,1.5
1441,46,CUAGAU83,TM,CUAGAU83,CUAGAU_15,13,13,1.5,1.5
1442,46,CUAGAU83,TM,CUAGAU83,CUAGAU_16,14,14,1.5,1.5
1443,46,CUAGAU83,TM,CUAGAU83,CUAGAU_17,15,15,1.5,1.5
1444,46,CUAGAU83,TM,CUAGAU83,CUAGAU_18,16,16,1.5,1.5
1445,46,CUAGAU83,TM,CUAGAU83,CUAGAU_19,17,17,1.5,1.5
1446,46,CUAGAU83,TM,CUAGAU83,CUAGAU_22,18,18,1.5,1.5
1447,46,CUAGAU83,TM,CUAGAU83,CUAGAU_23,19,19,1.5,1.5
1448,46,CUAGAU83,TM,CUAGAU83,CUAGAU_24,20,20,1.5,1.5
1449,46,CUAGAU83,TM,CUAGAU83,CUAGAU_25,21,21,1.5,1.5
1450,46,CUAGAU83,TM,CUAGAU83,CUAGAU_26,22,22,1.5,1.5
1451,46,CUAGAU83,TM,CUAGAU83,CUAGAU_27,23,23,1.5,1.5
1452,46,CUAGAU83,TM,CUAGAU83,CUAGAU_28,24,24,1.5,1.5
1453,46,CUAGAU83,TM,CUAGAU83,CUAGAU_29,25,25,1.5,1.5
1454,46,CUAGAU83,TM,CUAGAU83,CUAGAU_30,26,26,1.5,1.5
1455,46,CUAGAU83,TM,CUAGAU83,CUAGAU_31,27,27,1.5,1.5
1456,46,CUAGAU83,TM,CUAGAU83,CUAGAU_32,28,28,1.5,1.5
1457,46,CUAGAU83,TM,CUAGAU83,CUAGAU_33,29,29,1.5,1.5
1458,46,CUAGAU83,TM,CUAGAU83,CUAGAU_36,30,30,1.5,1.5
1459,46,CUAGAU83,TM,CUAGAU83,CUAGAU_37,31,31,1.5,1.5
1460,46,CUAGAU83,TM,CUAGAU83,CUAGAU_38,32,32,1.5,1.5
1461,46,CUAGAU83,TM,CUAGAU83,CUAGAU_39,33,33,1.5,1.5
1462,46,CUAGAU83,TM,CUAGAU83,CUAGAU_40,34,34,1.5,1.5
1463,46,CUAGAU83,TM,CUAGAU83,CUAGAU_41,35,35,1.5,1.5
1464,46,CUAGAU83,TM,CUAGAU83,CUAGAU_42,36,36,1.5,1.5
1465,47,MOR13,TM,MOR13,MOR13_1,1,1,10,10
1466,47,MOR13,TM,MOR13,MOR13_2,2,2,10,10
1467,47,MOR13,TM,MOR13,MOR13_3,3,3,10,10
1468,47,MOR13,TM,MOR13,MOR13_4,4,4,10,10
1469,47,MOR13,TM,MOR13,MOR13_5,5,5,10,10
1470,47,MOR13,TM,MOR13,MOR13_6,6,6,10,10
1471,47,MOR13,TM,MOR13,MOR13_7,7,7,10,10
1472,47,MOR13,TM,MOR13,MOR13_8,8,8,10,10
1473,47,MOR13,TM,MOR13,MOR13_9,9,9,10,10
1474,47,MOR13,TM,MOR13,MOR13_10,10,10,10,10
1475,47,MOR13,TM,MOR13,MOR13_11,11,11,10,10
1476,47,MOR13,TM,MOR13,MOR13_12,12,12,10,10
1477,47,MOR13,TM,MOR13,MOR13_13,13,13,10,10
1478,48,TMB11,TM,TMB11,TMB11_1,1,1,10,10
1479,48,TMB11,TM,TMB11,TMB11_2,2,2,10,10
1480,48,TMB11,TM,TMB11,TMB11_3,3,3,10,10
1481,48,TMB11,TM,TMB11,TMB11_4,4,4,10,10
1482,48,TMB11,TM,TMB11,TMB11_5,5,5,10,10
1483,48,TMB11,TM,TMB11,TMB11_6,6,6,10,10
1484,48,TMB11,TM,TMB11,TMB11_7,7,7,10,10
1485,48,TMB11,TM,TMB11,TMB11_8,8,8,10,10
1486,48,TMB11,TM,TMB11,TMB11_9,9,9,10,10
1487,48,TMB11,TM,TMB11,TMB11_10,10,10,10,10
1488,48,TMB11,TM,TMB11,TMB11_11,11,11,10,10
1489,49,TMD10,TM,TMD10,TMD10_1,1,1,10,10
1490,49,TMD10,TM,TMD10,TMD10_2,2,2,10,10
1491,49,TMD10,TM,TMD10,TMD10_3,3,3,10,10
1492,49,TMD10,TM,TMD10,TMD10_4,4,4,10,10
1493,49,TMD10,TM,TMD10,TMD10_5,5,5,10,10
1494,49,TMD10,TM,TMD10,TMD10_6,6,6,10,10
1495,49,TMD10,TM,TMD10,TMD10_7,7,7,10,10
1496,49,TMD10,TM,TMD10,TMD10_8,8,8,10,10
1497,49,TMD10,TM,TMD10,TMD10_9,9,9,10,10
1498,49,TMD10,TM,TMD10,TMD10_10,10,10,10,10
